Workbook

Sheet World Cup
E1: =Language!$E$121 -> World Cup 2026 in Canada/Mexico/USA | X1: hb/vers. 4.2.5 2026-04-10 | AV1: =X1 -> hb/vers. 4.2.5 2026-04-10
C2: =Language!$E$134 -> Pts. Goals | F2: =Language!$E$134 -> Pts. Goals | I2: =Language!$E$134 -> Pts. Goals | L2: =Language!$E$134 -> Pts. Goals | O2: =Language!$E$134 -> Pts. Goals | R2: =Language!$E$134 -> Pts. Goals | U2: =Language!$E$134 -> Pts. Goals | X2: =Language!$E$134 -> Pts. Goals | AA2: =Language!$E$134 -> Pts. Goals | AD2: =Language!$E$134 -> Pts. Goals | AG2: =Language!$E$134 -> Pts. Goals | AJ2: =Language!$E$134 -> Pts. Goals
B3: =CalcA!$D22 -> Mexico | C3: =" "&CalcA!$E22&" "&CalcA!$F22&Language!$E$197&CalcA!$G22 -> 9 6 - 2 | E3: =CalcB!$D22 -> Switzerland | F3: =" "&CalcB!$E22&" "&CalcB!$F22&Language!$E$197&CalcB!$G22 -> 7 5 - 1 | H3: =CalcC!$D22 -> Brazil | I3: =" "&CalcC!$E22&" "&CalcC!$F22&Language!$E$197&CalcC!$G22 -> 9 7 - 2 | K3: =CalcD!$D22 -> USA | L3: =" "&CalcD!$E22&" "&CalcD!$F22&Language!$E$197&CalcD!$G22 -> 7 5 - 2 | N3: =CalcE!$D22 -> Germany | O3: =" "&CalcE!$E22&" "&CalcE!$F22&Language!$E$197&CalcE!$G22 -> 9 7 - 2 | Q3: =CalcF!$D22 -> Netherlands | R3: =" "&CalcF!$E22&" "&CalcF!$F22&Language!$E$197&CalcF!$G22 -> 9 6 - 2 | T3: =CalcG!$D22 -> Belgium | U3: =" "&CalcG!$E22&" "&CalcG!$F22&Language!$E$197&CalcG!$G22 -> 7 6 - 2 | W3: =CalcH!$D22 -> Spain | X3: =" "&CalcH!$E22&" "&CalcH!$F22&Language!$E$197&CalcH!$G22 -> 9 8 - 1 | Z3: =CalcI!$D22 -> France | AA3: =" "&CalcI!$E22&" "&CalcI!$F22&Language!$E$197&CalcI!$G22 -> 9 7 - 2 | AC3: =CalcJ!$D22 -> Argentina | AD3: =" "&CalcJ!$E22&" "&CalcJ!$F22&Language!$E$197&CalcJ!$G22 -> 9 6 - 2 | AF3: =CalcK!$D22 -> Portugal | AG3: =" "&CalcK!$E22&" "&CalcK!$F22&Language!$E$197&CalcK!$G22 -> 9 7 - 1 | AI3: =CalcL!$D22 -> England | AJ3: =" "&CalcL!$E22&" "&CalcL!$F22&Language!$E$197&CalcL!$G22 -> 9 6 - 0
B4: =CalcA!$D23 -> Rep. of Korea | C4: =" "&CalcA!$E23&" "&CalcA!$F23&Language!$E$197&CalcA!$G23 -> 4 4 - 3 | E4: =CalcB!$D23 -> Canada | F4: =" "&CalcB!$E23&" "&CalcB!$F23&Language!$E$197&CalcB!$G23 -> 7 5 - 2 | H4: =CalcC!$D23 -> Morocco | I4: =" "&CalcC!$E23&" "&CalcC!$F23&Language!$E$197&CalcC!$G23 -> 4 4 - 3 | K4: =CalcD!$D23 -> Turkey | L4: =" "&CalcD!$E23&" "&CalcD!$F23&Language!$E$197&CalcD!$G23 -> 5 4 - 3 | N4: =CalcE!$D23 -> Ecuador | O4: =" "&CalcE!$E23&" "&CalcE!$F23&Language!$E$197&CalcE!$G23 -> 4 4 - 3 | Q4: =CalcF!$D23 -> Sweden | R4: =" "&CalcF!$E23&" "&CalcF!$F23&Language!$E$197&CalcF!$G23 -> 4 4 - 3 | T4: =CalcG!$D23 -> IR Iran | U4: =" "&CalcG!$E23&" "&CalcG!$F23&Language!$E$197&CalcG!$G23 -> 5 3 - 2 | W4: =CalcH!$D23 -> Uruguay | X4: =" "&CalcH!$E23&" "&CalcH!$F23&Language!$E$197&CalcH!$G23 -> 6 5 - 2 | Z4: =CalcI!$D23 -> Norway | AA4: =" "&CalcI!$E23&" "&CalcI!$F23&Language!$E$197&CalcI!$G23 -> 4 5 - 3 | AC4: =CalcJ!$D23 -> Austria | AD4: =" "&CalcJ!$E23&" "&CalcJ!$F23&Language!$E$197&CalcJ!$G23 -> 6 5 - 3 | AF4: =CalcK!$D23 -> Colombia | AG4: =" "&CalcK!$E23&" "&CalcK!$F23&Language!$E$197&CalcK!$G23 -> 6 5 - 3 | AI4: =CalcL!$D23 -> Croatia | AJ4: =" "&CalcL!$E23&" "&CalcL!$F23&Language!$E$197&CalcL!$G23 -> 4 3 - 3
B5: =CalcA!$D24 -> Czech Rep. | C5: =" "&CalcA!$E24&" "&CalcA!$F24&Language!$E$197&CalcA!$G24 -> 4 4 - 3 | E5: =CalcB!$D24 -> Bosnia/Herzeg. | F5: =" "&CalcB!$E24&" "&CalcB!$F24&Language!$E$197&CalcB!$G24 -> 3 2 - 4 | H5: =CalcC!$D24 -> Scotland | I5: =" "&CalcC!$E24&" "&CalcC!$F24&Language!$E$197&CalcC!$G24 -> 4 4 - 3 | K5: =CalcD!$D24 -> Paraguay | L5: =" "&CalcD!$E24&" "&CalcD!$F24&Language!$E$197&CalcD!$G24 -> 2 2 - 4 | N5: =CalcE!$D24 -> Ivory Coast | O5: =" "&CalcE!$E24&" "&CalcE!$F24&Language!$E$197&CalcE!$G24 -> 4 4 - 3 | Q5: =CalcF!$D24 -> Japan | R5: =" "&CalcF!$E24&" "&CalcF!$F24&Language!$E$197&CalcF!$G24 -> 4 3 - 3 | T5: =CalcG!$D24 -> Egypt | U5: =" "&CalcG!$E24&" "&CalcG!$F24&Language!$E$197&CalcG!$G24 -> 4 4 - 3 | W5: =CalcH!$D24 -> Saudi Arabia | X5: =" "&CalcH!$E24&" "&CalcH!$F24&Language!$E$197&CalcH!$G24 -> 1 1 - 6 | Z5: =CalcI!$D24 -> Senegal | AA5: =" "&CalcI!$E24&" "&CalcI!$F24&Language!$E$197&CalcI!$G24 -> 4 4 - 3 | AC5: =CalcJ!$D24 -> Algeria | AD5: =" "&CalcJ!$E24&" "&CalcJ!$F24&Language!$E$197&CalcJ!$G24 -> 3 4 - 4 | AF5: =CalcK!$D24 -> DR Congo | AG5: =" "&CalcK!$E24&" "&CalcK!$F24&Language!$E$197&CalcK!$G24 -> 1 2 - 5 | AI5: =CalcL!$D24 -> Ghana | AJ5: =" "&CalcL!$E24&" "&CalcL!$F24&Language!$E$197&CalcL!$G24 -> 4 3 - 3
B6: =CalcA!$D25 -> South Africa | C6: =" "&CalcA!$E25&" "&CalcA!$F25&Language!$E$197&CalcA!$G25 -> 0 0 - 6 | E6: =CalcB!$D25 -> Qatar | F6: =" "&CalcB!$E25&" "&CalcB!$F25&Language!$E$197&CalcB!$G25 -> 0 0 - 5 | H6: =CalcC!$D25 -> Haiti | I6: =" "&CalcC!$E25&" "&CalcC!$F25&Language!$E$197&CalcC!$G25 -> 0 0 - 7 | K6: =CalcD!$D25 -> Australia | L6: =" "&CalcD!$E25&" "&CalcD!$F25&Language!$E$197&CalcD!$G25 -> 1 3 - 5 | N6: =CalcE!$D25 -> Curaçao | O6: =" "&CalcE!$E25&" "&CalcE!$F25&Language!$E$197&CalcE!$G25 -> 0 0 - 7 | Q6: =CalcF!$D25 -> Tunisia | R6: =" "&CalcF!$E25&" "&CalcF!$F25&Language!$E$197&CalcF!$G25 -> 0 0 - 5 | T6: =CalcG!$D25 -> New Zealand | U6: =" "&CalcG!$E25&" "&CalcG!$F25&Language!$E$197&CalcG!$G25 -> 0 0 - 6 | W6: =CalcH!$D25 -> Cape Verde | X6: =" "&CalcH!$E25&" "&CalcH!$F25&Language!$E$197&CalcH!$G25 -> 1 1 - 6 | Z6: =CalcI!$D25 -> Iraq | AA6: =" "&CalcI!$E25&" "&CalcI!$F25&Language!$E$197&CalcI!$G25 -> 0 0 - 8 | AC6: =CalcJ!$D25 -> Jordan | AD6: =" "&CalcJ!$E25&" "&CalcJ!$F25&Language!$E$197&CalcJ!$G25 -> 0 0 - 6 | AF6: =CalcK!$D25 -> Uzbekistan | AG6: =" "&CalcK!$E25&" "&CalcK!$F25&Language!$E$197&CalcK!$G25 -> 1 1 - 6 | AI6: =CalcL!$D25 -> Panama | AJ6: =" "&CalcL!$E25&" "&CalcL!$F25&Language!$E$197&CalcL!$G25 -> 0 0 - 6
B7: =IF(Distinctness!$G$17=0,"",IF(Distinctness!$D$4>0,Distinctness!$J$4,Distinctness!$J$5)) -> Groups with fair play valuation: A, C, E, H and L. | Z7: =B7 -> Groups with fair play valuation: A, C, E, H and L. | AZ7: =DailySchedule!$N7 -> England
B8: =IF(CalcA!$AU$14,"•","") -> • | E8: =IF(CalcB!$AU$14,"•","") | H8: =IF(CalcC!$AU$14,"•","") -> • | K8: =IF(CalcD!$AU$14,"•","") | N8: =IF(CalcE!$AU$14,"•","") -> • | Q8: =IF(CalcF!$AU$14,"•","") | T8: =IF(CalcG!$AU$14,"•","") | W8: =IF(CalcH!$AU$14,"•","") -> • | Z8: =IF(CalcI!$AU$14,"•","") | AC8: =IF(CalcJ!$AU$14,"•","") | AF8: =IF(CalcK!$AU$14,"•","") | AI8: =IF(CalcL!$AU$14,"•","") -> • | AZ8: =DailySchedule!$N8 -> USA
B9: =Language!$E$130&" A" -> Group A | E9: =Language!$E$130&" B" -> Group B | H9: =Language!$E$130&" C" -> Group C | K9: =Language!$E$130&" D" -> Group D | N9: =Language!$E$130&" E" -> Group E | Q9: =Language!$E$130&" F" -> Group F | T9: =Language!$E$130&" G" -> Group G | W9: =Language!$E$130&" H" -> Group H | Z9: =Language!$E$130&" I" -> Group I | AC9: =Language!$E$130&" J" -> Group J | AF9: =Language!$E$130&" K" -> Group K | AI9: =Language!$E$130&" L" -> Group L | AZ9: =DailySchedule!$N9 -> Canada
AZ10: =DailySchedule!$N10 -> Mexico
A11: 1 | B11: =VLOOKUP(A11,Matches!$B$4:$K$113,7,0) -> Mexico City | D11: 3 | E11: =VLOOKUP(D11,Matches!$B$4:$K$113,7,0) -> Toronto | G11: 7 | H11: =VLOOKUP(G11,Matches!$B$4:$K$113,7,0) -> New York/New Jersey | J11: 4 | K11: =VLOOKUP(J11,Matches!$B$4:$K$113,7,0) -> Los Angeles | M11: 10 | N11: =VLOOKUP(M11,Matches!$B$4:$K$113,7,0) -> Houston | P11: 11 | Q11: =VLOOKUP(P11,Matches!$B$4:$K$113,7,0) -> Dallas | S11: 16 | T11: =VLOOKUP(S11,Matches!$B$4:$K$113,7,0) -> Seattle | V11: 14 | W11: =VLOOKUP(V11,Matches!$B$4:$K$113,7,0) -> Atlanta | Y11: 17 | Z11: =VLOOKUP(Y11,Matches!$B$4:$K$113,7,0) -> New York/New Jersey | AB11: 19 | AC11: =VLOOKUP(AB11,Matches!$B$4:$K$113,7,0) -> Kansas City | AE11: 23 | AF11: =VLOOKUP(AE11,Matches!$B$4:$K$113,7,0) -> Houston | AH11: 22 | AI11: =VLOOKUP(AH11,Matches!$B$4:$K$113,7,0) -> Dallas
B12: =VLOOKUP(A11,Matches!$B$4:$K$113,5,0) -> 46184.875 | E12: =VLOOKUP(D11,Matches!$B$4:$K$113,5,0) -> 46185.875 | H12: =VLOOKUP(G11,Matches!$B$4:$K$113,5,0) -> 46187 | K12: =VLOOKUP(J11,Matches!$B$4:$K$113,5,0) -> 46186.125 | N12: =VLOOKUP(M11,Matches!$B$4:$K$113,5,0) -> 46187.792 | Q12: =VLOOKUP(P11,Matches!$B$4:$K$113,5,0) -> 46187.917 | T12: =VLOOKUP(S11,Matches!$B$4:$K$113,5,0) -> 46188.875 | W12: =VLOOKUP(V11,Matches!$B$4:$K$113,5,0) -> 46188.75 | Z12: =VLOOKUP(Y11,Matches!$B$4:$K$113,5,0) -> 46189.875 | AC12: =VLOOKUP(AB11,Matches!$B$4:$K$113,5,0) -> 46190.125 | AF12: =VLOOKUP(AE11,Matches!$B$4:$K$113,5,0) -> 46190.792 | AI12: =VLOOKUP(AH11,Matches!$B$4:$K$113,5,0) -> 46190.917
B13: =VLOOKUP(A11,Matches!$B$4:$K$113,8,0) -> Mexico | C13: =VLOOKUP(A11,Matches!$B$4:$K$113,9,0) -> South Africa | E13: =VLOOKUP(D11,Matches!$B$4:$K$113,8,0) -> Canada | F13: =VLOOKUP(D11,Matches!$B$4:$K$113,9,0) -> Bosnia/Herzeg. | H13: =VLOOKUP(G11,Matches!$B$4:$K$113,8,0) -> Brazil | I13: =VLOOKUP(G11,Matches!$B$4:$K$113,9,0) -> Morocco | K13: =VLOOKUP(J11,Matches!$B$4:$K$113,8,0) -> USA | L13: =VLOOKUP(J11,Matches!$B$4:$K$113,9,0) -> Paraguay | N13: =VLOOKUP(M11,Matches!$B$4:$K$113,8,0) -> Germany | O13: =VLOOKUP(M11,Matches!$B$4:$K$113,9,0) -> Curaçao | Q13: =VLOOKUP(P11,Matches!$B$4:$K$113,8,0) -> Netherlands | R13: =VLOOKUP(P11,Matches!$B$4:$K$113,9,0) -> Japan | T13: =VLOOKUP(S11,Matches!$B$4:$K$113,8,0) -> Belgium | U13: =VLOOKUP(S11,Matches!$B$4:$K$113,9,0) -> Egypt | W13: =VLOOKUP(V11,Matches!$B$4:$K$113,8,0) -> Spain | X13: =VLOOKUP(V11,Matches!$B$4:$K$113,9,0) -> Cape Verde | Z13: =VLOOKUP(Y11,Matches!$B$4:$K$113,8,0) -> France | AA13: =VLOOKUP(Y11,Matches!$B$4:$K$113,9,0) -> Senegal | AC13: =VLOOKUP(AB11,Matches!$B$4:$K$113,8,0) -> Argentina | AD13: =VLOOKUP(AB11,Matches!$B$4:$K$113,9,0) -> Algeria | AF13: =VLOOKUP(AE11,Matches!$B$4:$K$113,8,0) -> Portugal | AG13: =VLOOKUP(AE11,Matches!$B$4:$K$113,9,0) -> DR Congo | AI13: =VLOOKUP(AH11,Matches!$B$4:$K$113,8,0) -> England | AJ13: =VLOOKUP(AH11,Matches!$B$4:$K$113,9,0) -> Croatia
B14: 2 | C14: 0 | E14: 2 | F14: 1 | H14: 2 | I14: 1 | K14: 2 | L14: 0 | N14: 3 | O14: 0 | Q14: 2 | R14: 1 | T14: 2 | U14: 1 | W14: 3 | X14: 0 | Z14: 2 | AA14: 1 | AC14: 2 | AD14: 1 | AF14: 2 | AG14: 0 | AI14: 2 | AJ14: 0
A16: 2 | B16: =VLOOKUP(A16,Matches!$B$4:$K$113,7,0) -> Guadalajara | D16: 8 | E16: =VLOOKUP(D16,Matches!$B$4:$K$113,7,0) -> San Francisco Bay Area | G16: 5 | H16: =VLOOKUP(G16,Matches!$B$4:$K$113,7,0) -> Boston | J16: 6 | K16: =VLOOKUP(J16,Matches!$B$4:$K$113,7,0) -> Vancouver | M16: 9 | N16: =VLOOKUP(M16,Matches!$B$4:$K$113,7,0) -> Philadelphia | P16: 12 | Q16: =VLOOKUP(P16,Matches!$B$4:$K$113,7,0) -> Monterrey | S16: 15 | T16: =VLOOKUP(S16,Matches!$B$4:$K$113,7,0) -> Los Angeles | V16: 13 | W16: =VLOOKUP(V16,Matches!$B$4:$K$113,7,0) -> Miami | Y16: 18 | Z16: =VLOOKUP(Y16,Matches!$B$4:$K$113,7,0) -> Boston | AB16: 20 | AC16: =VLOOKUP(AB16,Matches!$B$4:$K$113,7,0) -> San Francisco Bay Area | AE16: 24 | AF16: =VLOOKUP(AE16,Matches!$B$4:$K$113,7,0) -> Mexico City | AH16: 21 | AI16: =VLOOKUP(AH16,Matches!$B$4:$K$113,7,0) -> Toronto
B17: =VLOOKUP(A16,Matches!$B$4:$K$113,5,0) -> 46185.167 | E17: =VLOOKUP(D16,Matches!$B$4:$K$113,5,0) -> 46186.875 | H17: =VLOOKUP(G16,Matches!$B$4:$K$113,5,0) -> 46187.125 | K17: =VLOOKUP(J16,Matches!$B$4:$K$113,5,0) -> 46187.25 | N17: =VLOOKUP(M16,Matches!$B$4:$K$113,5,0) -> 46188.042 | Q17: =VLOOKUP(P16,Matches!$B$4:$K$113,5,0) -> 46188.167 | T17: =VLOOKUP(S16,Matches!$B$4:$K$113,5,0) -> 46189.125 | W17: =VLOOKUP(V16,Matches!$B$4:$K$113,5,0) -> 46189 | Z17: =VLOOKUP(Y16,Matches!$B$4:$K$113,5,0) -> 46190 | AC17: =VLOOKUP(AB16,Matches!$B$4:$K$113,5,0) -> 46190.25 | AF17: =VLOOKUP(AE16,Matches!$B$4:$K$113,5,0) -> 46191.167 | AI17: =VLOOKUP(AH16,Matches!$B$4:$K$113,5,0) -> 46191.042
B18: =VLOOKUP(A16,Matches!$B$4:$K$113,8,0) -> Rep. of Korea | C18: =VLOOKUP(A16,Matches!$B$4:$K$113,9,0) -> Czech Rep. | E18: =VLOOKUP(D16,Matches!$B$4:$K$113,8,0) -> Qatar | F18: =VLOOKUP(D16,Matches!$B$4:$K$113,9,0) -> Switzerland | H18: =VLOOKUP(G16,Matches!$B$4:$K$113,8,0) -> Haiti | I18: =VLOOKUP(G16,Matches!$B$4:$K$113,9,0) -> Scotland | K18: =VLOOKUP(J16,Matches!$B$4:$K$113,8,0) -> Australia | L18: =VLOOKUP(J16,Matches!$B$4:$K$113,9,0) -> Turkey | N18: =VLOOKUP(M16,Matches!$B$4:$K$113,8,0) -> Ivory Coast | O18: =VLOOKUP(M16,Matches!$B$4:$K$113,9,0) -> Ecuador | Q18: =VLOOKUP(P16,Matches!$B$4:$K$113,8,0) -> Sweden | R18: =VLOOKUP(P16,Matches!$B$4:$K$113,9,0) -> Tunisia | T18: =VLOOKUP(S16,Matches!$B$4:$K$113,8,0) -> IR Iran | U18: =VLOOKUP(S16,Matches!$B$4:$K$113,9,0) -> New Zealand | W18: =VLOOKUP(V16,Matches!$B$4:$K$113,8,0) -> Saudi Arabia | X18: =VLOOKUP(V16,Matches!$B$4:$K$113,9,0) -> Uruguay | Z18: =VLOOKUP(Y16,Matches!$B$4:$K$113,8,0) -> Iraq | AA18: =VLOOKUP(Y16,Matches!$B$4:$K$113,9,0) -> Norway | AC18: =VLOOKUP(AB16,Matches!$B$4:$K$113,8,0) -> Austria | AD18: =VLOOKUP(AB16,Matches!$B$4:$K$113,9,0) -> Jordan | AF18: =VLOOKUP(AE16,Matches!$B$4:$K$113,8,0) -> Uzbekistan | AG18: =VLOOKUP(AE16,Matches!$B$4:$K$113,9,0) -> Colombia | AI18: =VLOOKUP(AH16,Matches!$B$4:$K$113,8,0) -> Ghana | AJ18: =VLOOKUP(AH16,Matches!$B$4:$K$113,9,0) -> Panama
B19: 1 | C19: 1 | E19: 0 | F19: 2 | H19: 0 | I19: 2 | K19: 1 | L19: 2 | N19: 1 | O19: 1 | Q19: 2 | R19: 0 | T19: 1 | U19: 0 | W19: 0 | X19: 2 | Z19: 0 | AA19: 3 | AC19: 2 | AD19: 0 | AF19: 0 | AG19: 2 | AI19: 2 | AJ19: 0
A21: 25 | B21: =VLOOKUP(A21,Matches!$B$4:$K$113,7,0) -> Atlanta | D21: 26 | E21: =VLOOKUP(D21,Matches!$B$4:$K$113,7,0) -> Los Angeles | G21: 30 | H21: =VLOOKUP(G21,Matches!$B$4:$K$113,7,0) -> Boston | J21: 32 | K21: =VLOOKUP(J21,Matches!$B$4:$K$113,7,0) -> Seattle | M21: 33 | N21: =VLOOKUP(M21,Matches!$B$4:$K$113,7,0) -> Toronto | P21: 35 | Q21: =VLOOKUP(P21,Matches!$B$4:$K$113,7,0) -> Houston | S21: 39 | T21: =VLOOKUP(S21,Matches!$B$4:$K$113,7,0) -> Los Angeles | V21: 38 | W21: =VLOOKUP(V21,Matches!$B$4:$K$113,7,0) -> Atlanta | Y21: 42 | Z21: =VLOOKUP(Y21,Matches!$B$4:$K$113,7,0) -> Philadelphia | AB21: 43 | AC21: =VLOOKUP(AB21,Matches!$B$4:$K$113,7,0) -> Dallas | AE21: 47 | AF21: =VLOOKUP(AE21,Matches!$B$4:$K$113,7,0) -> Houston | AH21: 45 | AI21: =VLOOKUP(AH21,Matches!$B$4:$K$113,7,0) -> Boston
B22: =VLOOKUP(A21,Matches!$B$4:$K$113,5,0) -> 46191.75 | E22: =VLOOKUP(D21,Matches!$B$4:$K$113,5,0) -> 46191.875 | H22: =VLOOKUP(G21,Matches!$B$4:$K$113,5,0) -> 46193 | K22: =VLOOKUP(J21,Matches!$B$4:$K$113,5,0) -> 46192.875 | N22: =VLOOKUP(M21,Matches!$B$4:$K$113,5,0) -> 46193.917 | Q22: =VLOOKUP(P21,Matches!$B$4:$K$113,5,0) -> 46193.792 | T22: =VLOOKUP(S21,Matches!$B$4:$K$113,5,0) -> 46194.875 | W22: =VLOOKUP(V21,Matches!$B$4:$K$113,5,0) -> 46194.75 | Z22: =VLOOKUP(Y21,Matches!$B$4:$K$113,5,0) -> 46195.958 | AC22: =VLOOKUP(AB21,Matches!$B$4:$K$113,5,0) -> 46195.792 | AF22: =VLOOKUP(AE21,Matches!$B$4:$K$113,5,0) -> 46196.792 | AI22: =VLOOKUP(AH21,Matches!$B$4:$K$113,5,0) -> 46196.917
B23: =VLOOKUP(A21,Matches!$B$4:$K$113,8,0) -> Czech Rep. | C23: =VLOOKUP(A21,Matches!$B$4:$K$113,9,0) -> South Africa | E23: =VLOOKUP(D21,Matches!$B$4:$K$113,8,0) -> Switzerland | F23: =VLOOKUP(D21,Matches!$B$4:$K$113,9,0) -> Bosnia/Herzeg. | H23: =VLOOKUP(G21,Matches!$B$4:$K$113,8,0) -> Scotland | I23: =VLOOKUP(G21,Matches!$B$4:$K$113,9,0) -> Morocco | K23: =VLOOKUP(J21,Matches!$B$4:$K$113,8,0) -> USA | L23: =VLOOKUP(J21,Matches!$B$4:$K$113,9,0) -> Australia | N23: =VLOOKUP(M21,Matches!$B$4:$K$113,8,0) -> Germany | O23: =VLOOKUP(M21,Matches!$B$4:$K$113,9,0) -> Ivory Coast | Q23: =VLOOKUP(P21,Matches!$B$4:$K$113,8,0) -> Netherlands | R23: =VLOOKUP(P21,Matches!$B$4:$K$113,9,0) -> Sweden | T23: =VLOOKUP(S21,Matches!$B$4:$K$113,8,0) -> Belgium | U23: =VLOOKUP(S21,Matches!$B$4:$K$113,9,0) -> IR Iran | W23: =VLOOKUP(V21,Matches!$B$4:$K$113,8,0) -> Spain | X23: =VLOOKUP(V21,Matches!$B$4:$K$113,9,0) -> Saudi Arabia | Z23: =VLOOKUP(Y21,Matches!$B$4:$K$113,8,0) -> France | AA23: =VLOOKUP(Y21,Matches!$B$4:$K$113,9,0) -> Iraq | AC23: =VLOOKUP(AB21,Matches!$B$4:$K$113,8,0) -> Argentina | AD23: =VLOOKUP(AB21,Matches!$B$4:$K$113,9,0) -> Austria | AF23: =VLOOKUP(AE21,Matches!$B$4:$K$113,8,0) -> Portugal | AG23: =VLOOKUP(AE21,Matches!$B$4:$K$113,9,0) -> Uzbekistan | AI23: =VLOOKUP(AH21,Matches!$B$4:$K$113,8,0) -> England | AJ23: =VLOOKUP(AH21,Matches!$B$4:$K$113,9,0) -> Ghana
B24: 2 | C24: 0 | E24: 2 | F24: 0 | H24: 1 | I24: 1 | K24: 2 | L24: 1 | N24: 2 | O24: 1 | Q24: 2 | R24: 1 | T24: 1 | U24: 1 | W24: 3 | X24: 0 | Z24: 3 | AA24: 0 | AC24: 2 | AD24: 1 | AF24: 3 | AG24: 0 | AI24: 2 | AJ24: 0
A26: 28 | B26: =VLOOKUP(A26,Matches!$B$4:$K$113,7,0) -> Guadalajara | D26: 27 | E26: =VLOOKUP(D26,Matches!$B$4:$K$113,7,0) -> Vancouver | G26: 29 | H26: =VLOOKUP(G26,Matches!$B$4:$K$113,7,0) -> Philadelphia | J26: 31 | K26: =VLOOKUP(J26,Matches!$B$4:$K$113,7,0) -> San Francisco Bay Area | M26: 34 | N26: =VLOOKUP(M26,Matches!$B$4:$K$113,7,0) -> Kansas City | P26: 36 | Q26: =VLOOKUP(P26,Matches!$B$4:$K$113,7,0) -> Monterrey | S26: 40 | T26: =VLOOKUP(S26,Matches!$B$4:$K$113,7,0) -> Vancouver | V26: 37 | W26: =VLOOKUP(V26,Matches!$B$4:$K$113,7,0) -> Miami | Y26: 41 | Z26: =VLOOKUP(Y26,Matches!$B$4:$K$113,7,0) -> New York/New Jersey | AB26: 44 | AC26: =VLOOKUP(AB26,Matches!$B$4:$K$113,7,0) -> San Francisco Bay Area | AE26: 48 | AF26: =VLOOKUP(AE26,Matches!$B$4:$K$113,7,0) -> Guadalajara | AH26: 46 | AI26: =VLOOKUP(AH26,Matches!$B$4:$K$113,7,0) -> Toronto
B27: =VLOOKUP(A26,Matches!$B$4:$K$113,5,0) -> 46192.125 | E27: =VLOOKUP(D26,Matches!$B$4:$K$113,5,0) -> 46192 | H27: =VLOOKUP(G26,Matches!$B$4:$K$113,5,0) -> 46193.104 | K27: =VLOOKUP(J26,Matches!$B$4:$K$113,5,0) -> 46193.208 | N27: =VLOOKUP(M26,Matches!$B$4:$K$113,5,0) -> 46194.083 | Q27: =VLOOKUP(P26,Matches!$B$4:$K$113,5,0) -> 46194.25 | T27: =VLOOKUP(S26,Matches!$B$4:$K$113,5,0) -> 46195.125 | W27: =VLOOKUP(V26,Matches!$B$4:$K$113,5,0) -> 46195 | Z27: =VLOOKUP(Y26,Matches!$B$4:$K$113,5,0) -> 46196.083 | AC27: =VLOOKUP(AB26,Matches!$B$4:$K$113,5,0) -> 46196.208 | AF27: =VLOOKUP(AE26,Matches!$B$4:$K$113,5,0) -> 46197.167 | AI27: =VLOOKUP(AH26,Matches!$B$4:$K$113,5,0) -> 46197.042
B28: =VLOOKUP(A26,Matches!$B$4:$K$113,8,0) -> Mexico | C28: =VLOOKUP(A26,Matches!$B$4:$K$113,9,0) -> Rep. of Korea | E28: =VLOOKUP(D26,Matches!$B$4:$K$113,8,0) -> Canada | F28: =VLOOKUP(D26,Matches!$B$4:$K$113,9,0) -> Qatar | H28: =VLOOKUP(G26,Matches!$B$4:$K$113,8,0) -> Brazil | I28: =VLOOKUP(G26,Matches!$B$4:$K$113,9,0) -> Haiti | K28: =VLOOKUP(J26,Matches!$B$4:$K$113,8,0) -> Turkey | L28: =VLOOKUP(J26,Matches!$B$4:$K$113,9,0) -> Paraguay | N28: =VLOOKUP(M26,Matches!$B$4:$K$113,8,0) -> Ecuador | O28: =VLOOKUP(M26,Matches!$B$4:$K$113,9,0) -> Curaçao | Q28: =VLOOKUP(P26,Matches!$B$4:$K$113,8,0) -> Tunisia | R28: =VLOOKUP(P26,Matches!$B$4:$K$113,9,0) -> Japan | T28: =VLOOKUP(S26,Matches!$B$4:$K$113,8,0) -> New Zealand | U28: =VLOOKUP(S26,Matches!$B$4:$K$113,9,0) -> Egypt | W28: =VLOOKUP(V26,Matches!$B$4:$K$113,8,0) -> Uruguay | X28: =VLOOKUP(V26,Matches!$B$4:$K$113,9,0) -> Cape Verde | Z28: =VLOOKUP(Y26,Matches!$B$4:$K$113,8,0) -> Norway | AA28: =VLOOKUP(Y26,Matches!$B$4:$K$113,9,0) -> Senegal | AC28: =VLOOKUP(AB26,Matches!$B$4:$K$113,8,0) -> Jordan | AD28: =VLOOKUP(AB26,Matches!$B$4:$K$113,9,0) -> Algeria | AF28: =VLOOKUP(AE26,Matches!$B$4:$K$113,8,0) -> Colombia | AG28: =VLOOKUP(AE26,Matches!$B$4:$K$113,9,0) -> DR Congo | AI28: =VLOOKUP(AH26,Matches!$B$4:$K$113,8,0) -> Panama | AJ28: =VLOOKUP(AH26,Matches!$B$4:$K$113,9,0) -> Croatia
B29: 2 | C29: 1 | E29: 2 | F29: 0 | H29: 3 | I29: 0 | K29: 1 | L29: 1 | N29: 2 | O29: 0 | Q29: 0 | R29: 1 | T29: 0 | U29: 2 | W29: 2 | X29: 0 | Z29: 1 | AA29: 1 | AC29: 0 | AD29: 2 | AF29: 2 | AG29: 1 | AI29: 0 | AJ29: 2
AL30: =IF(ThirdPlaced!$I$33,"•","")
A31: 53 | B31: =VLOOKUP(A31,Matches!$B$4:$K$113,7,0) -> Mexico City | D31: 51 | E31: =VLOOKUP(D31,Matches!$B$4:$K$113,7,0) -> Vancouver | G31: 49 | H31: =VLOOKUP(G31,Matches!$B$4:$K$113,7,0) -> Miami | J31: 59 | K31: =VLOOKUP(J31,Matches!$B$4:$K$113,7,0) -> Los Angeles | M31: 55 | N31: =VLOOKUP(M31,Matches!$B$4:$K$113,7,0) -> Philadelphia | P31: 57 | Q31: =VLOOKUP(P31,Matches!$B$4:$K$113,7,0) -> Dallas | S31: 63 | T31: =VLOOKUP(S31,Matches!$B$4:$K$113,7,0) -> Seattle | V31: 65 | W31: =VLOOKUP(V31,Matches!$B$4:$K$113,7,0) -> Houston | Y31: 61 | Z31: =VLOOKUP(Y31,Matches!$B$4:$K$113,7,0) -> Boston | AB31: 69 | AC31: =VLOOKUP(AB31,Matches!$B$4:$K$113,7,0) -> Kansas City | AE31: 71 | AF31: =VLOOKUP(AE31,Matches!$B$4:$K$113,7,0) -> Miami | AH31: 67 | AI31: =VLOOKUP(AH31,Matches!$B$4:$K$113,7,0) -> New York/New Jersey | AL31: =Language!$E$180 -> Third in the group | AN31: =Language!$E$181 -> Grp
B32: =VLOOKUP(A31,Matches!$B$4:$K$113,5,0) -> 46198.125 | E32: =VLOOKUP(D31,Matches!$B$4:$K$113,5,0) -> 46197.875 | H32: =VLOOKUP(G31,Matches!$B$4:$K$113,5,0) -> 46198 | K32: =VLOOKUP(J31,Matches!$B$4:$K$113,5,0) -> 46199.167 | N32: =VLOOKUP(M31,Matches!$B$4:$K$113,5,0) -> 46198.917 | Q32: =VLOOKUP(P31,Matches!$B$4:$K$113,5,0) -> 46199.042 | T32: =VLOOKUP(S31,Matches!$B$4:$K$113,5,0) -> 46200.208 | W32: =VLOOKUP(V31,Matches!$B$4:$K$113,5,0) -> 46200.083 | Z32: =VLOOKUP(Y31,Matches!$B$4:$K$113,5,0) -> 46199.875 | AC32: =VLOOKUP(AB31,Matches!$B$4:$K$113,5,0) -> 46201.167 | AF32: =VLOOKUP(AE31,Matches!$B$4:$K$113,5,0) -> 46201.062 | AI32: =VLOOKUP(AH31,Matches!$B$4:$K$113,5,0) -> 46200.958 | AL32: =IF(OR(ThirdPlaced!$D17>0,ThirdPlaced!$G17>0),ThirdPlaced!$C17,"") -> Senegal | AM32: =IF(AL32<>""," "&ThirdPlaced!$D17&" "&ThirdPlaced!$F17&Language!$E$197&ThirdPlaced!$G17,"") -> 4 4 - 3 | AN32: =IF(AL32<>"",ThirdPlaced!$I17,"") -> I
B33: =VLOOKUP(A31,Matches!$B$4:$K$113,8,0) -> Czech Rep. | C33: =VLOOKUP(A31,Matches!$B$4:$K$113,9,0) -> Mexico | E33: =VLOOKUP(D31,Matches!$B$4:$K$113,8,0) -> Switzerland | F33: =VLOOKUP(D31,Matches!$B$4:$K$113,9,0) -> Canada | H33: =VLOOKUP(G31,Matches!$B$4:$K$113,8,0) -> Scotland | I33: =VLOOKUP(G31,Matches!$B$4:$K$113,9,0) -> Brazil | K33: =VLOOKUP(J31,Matches!$B$4:$K$113,8,0) -> Turkey | L33: =VLOOKUP(J31,Matches!$B$4:$K$113,9,0) -> USA | N33: =VLOOKUP(M31,Matches!$B$4:$K$113,8,0) -> Curaçao | O33: =VLOOKUP(M31,Matches!$B$4:$K$113,9,0) -> Ivory Coast | Q33: =VLOOKUP(P31,Matches!$B$4:$K$113,8,0) -> Japan | R33: =VLOOKUP(P31,Matches!$B$4:$K$113,9,0) -> Sweden | T33: =VLOOKUP(S31,Matches!$B$4:$K$113,8,0) -> Egypt | U33: =VLOOKUP(S31,Matches!$B$4:$K$113,9,0) -> IR Iran | W33: =VLOOKUP(V31,Matches!$B$4:$K$113,8,0) -> Cape Verde | X33: =VLOOKUP(V31,Matches!$B$4:$K$113,9,0) -> Saudi Arabia | Z33: =VLOOKUP(Y31,Matches!$B$4:$K$113,8,0) -> Norway | AA33: =VLOOKUP(Y31,Matches!$B$4:$K$113,9,0) -> France | AC33: =VLOOKUP(AB31,Matches!$B$4:$K$113,8,0) -> Algeria | AD33: =VLOOKUP(AB31,Matches!$B$4:$K$113,9,0) -> Austria | AF33: =VLOOKUP(AE31,Matches!$B$4:$K$113,8,0) -> Colombia | AG33: =VLOOKUP(AE31,Matches!$B$4:$K$113,9,0) -> Portugal | AI33: =VLOOKUP(AH31,Matches!$B$4:$K$113,8,0) -> Panama | AJ33: =VLOOKUP(AH31,Matches!$B$4:$K$113,9,0) -> England | AL33: =IF(OR(ThirdPlaced!$D18>0,ThirdPlaced!$G18>0),ThirdPlaced!$C18,"") -> Egypt | AM33: =IF(AL33<>""," "&ThirdPlaced!$D18&" "&ThirdPlaced!$F18&Language!$E$197&ThirdPlaced!$G18,"") -> 4 4 - 3 | AN33: =IF(AL33<>"",ThirdPlaced!$I18,"") -> G
B34: 1 | C34: 2 | E34: 1 | F34: 1 | H34: 1 | I34: 2 | K34: 1 | L34: 1 | N34: 0 | O34: 2 | Q34: 1 | R34: 1 | T34: 1 | U34: 1 | W34: 1 | X34: 1 | Z34: 1 | AA34: 2 | AC34: 1 | AD34: 2 | AF34: 1 | AG34: 2 | AI34: 0 | AJ34: 2 | AL34: =IF(OR(ThirdPlaced!$D19>0,ThirdPlaced!$G19>0),ThirdPlaced!$C19,"") -> Ivory Coast | AM34: =IF(AL34<>""," "&ThirdPlaced!$D19&" "&ThirdPlaced!$F19&Language!$E$197&ThirdPlaced!$G19,"") -> 4 4 - 3 | AN34: =IF(AL34<>"",ThirdPlaced!$I19,"") -> E
AL35: =IF(OR(ThirdPlaced!$D20>0,ThirdPlaced!$G20>0),ThirdPlaced!$C20,"") -> Czech Rep. | AM35: =IF(AL35<>""," "&ThirdPlaced!$D20&" "&ThirdPlaced!$F20&Language!$E$197&ThirdPlaced!$G20,"") -> 4 4 - 3 | AN35: =IF(AL35<>"",ThirdPlaced!$I20,"") -> A
A36: 54 | B36: =VLOOKUP(A36,Matches!$B$4:$K$113,7,0) -> Monterrey | D36: 52 | E36: =VLOOKUP(D36,Matches!$B$4:$K$113,7,0) -> Seattle | G36: 50 | H36: =VLOOKUP(G36,Matches!$B$4:$K$113,7,0) -> Atlanta | J36: 60 | K36: =VLOOKUP(J36,Matches!$B$4:$K$113,7,0) -> San Francisco Bay Area | M36: 56 | N36: =VLOOKUP(M36,Matches!$B$4:$K$113,7,0) -> New York/New Jersey | P36: 58 | Q36: =VLOOKUP(P36,Matches!$B$4:$K$113,7,0) -> Kansas City | S36: 64 | T36: =VLOOKUP(S36,Matches!$B$4:$K$113,7,0) -> Vancouver | V36: 66 | W36: =VLOOKUP(V36,Matches!$B$4:$K$113,7,0) -> Guadalajara | Y36: 62 | Z36: =VLOOKUP(Y36,Matches!$B$4:$K$113,7,0) -> Toronto | AB36: 70 | AC36: =VLOOKUP(AB36,Matches!$B$4:$K$113,7,0) -> Dallas | AE36: 72 | AF36: =VLOOKUP(AE36,Matches!$B$4:$K$113,7,0) -> Atlanta | AH36: 68 | AI36: =VLOOKUP(AH36,Matches!$B$4:$K$113,7,0) -> Philadelphia | AL36: =IF(OR(ThirdPlaced!$D21>0,ThirdPlaced!$G21>0),ThirdPlaced!$C21,"") -> Scotland | AM36: =IF(AL36<>""," "&ThirdPlaced!$D21&" "&ThirdPlaced!$F21&Language!$E$197&ThirdPlaced!$G21,"") -> 4 4 - 3 | AN36: =IF(AL36<>"",ThirdPlaced!$I21,"") -> C
B37: =VLOOKUP(A36,Matches!$B$4:$K$113,5,0) -> 46198.125 | E37: =VLOOKUP(D36,Matches!$B$4:$K$113,5,0) -> 46197.875 | H37: =VLOOKUP(G36,Matches!$B$4:$K$113,5,0) -> 46198 | K37: =VLOOKUP(J36,Matches!$B$4:$K$113,5,0) -> 46199.167 | N37: =VLOOKUP(M36,Matches!$B$4:$K$113,5,0) -> 46198.917 | Q37: =VLOOKUP(P36,Matches!$B$4:$K$113,5,0) -> 46199.042 | T37: =VLOOKUP(S36,Matches!$B$4:$K$113,5,0) -> 46200.208 | W37: =VLOOKUP(V36,Matches!$B$4:$K$113,5,0) -> 46200.083 | Z37: =VLOOKUP(Y36,Matches!$B$4:$K$113,5,0) -> 46199.875 | AC37: =VLOOKUP(AB36,Matches!$B$4:$K$113,5,0) -> 46201.167 | AF37: =VLOOKUP(AE36,Matches!$B$4:$K$113,5,0) -> 46201.062 | AI37: =VLOOKUP(AH36,Matches!$B$4:$K$113,5,0) -> 46200.958 | AL37: =IF(OR(ThirdPlaced!$D22>0,ThirdPlaced!$G22>0),ThirdPlaced!$C22,"") -> Japan | AM37: =IF(AL37<>""," "&ThirdPlaced!$D22&" "&ThirdPlaced!$F22&Language!$E$197&ThirdPlaced!$G22,"") -> 4 3 - 3 | AN37: =IF(AL37<>"",ThirdPlaced!$I22,"") -> F
B38: =VLOOKUP(A36,Matches!$B$4:$K$113,8,0) -> South Africa | C38: =VLOOKUP(A36,Matches!$B$4:$K$113,9,0) -> Rep. of Korea | E38: =VLOOKUP(D36,Matches!$B$4:$K$113,8,0) -> Bosnia/Herzeg. | F38: =VLOOKUP(D36,Matches!$B$4:$K$113,9,0) -> Qatar | H38: =VLOOKUP(G36,Matches!$B$4:$K$113,8,0) -> Morocco | I38: =VLOOKUP(G36,Matches!$B$4:$K$113,9,0) -> Haiti | K38: =VLOOKUP(J36,Matches!$B$4:$K$113,8,0) -> Paraguay | L38: =VLOOKUP(J36,Matches!$B$4:$K$113,9,0) -> Australia | N38: =VLOOKUP(M36,Matches!$B$4:$K$113,8,0) -> Ecuador | O38: =VLOOKUP(M36,Matches!$B$4:$K$113,9,0) -> Germany | Q38: =VLOOKUP(P36,Matches!$B$4:$K$113,8,0) -> Tunisia | R38: =VLOOKUP(P36,Matches!$B$4:$K$113,9,0) -> Netherlands | T38: =VLOOKUP(S36,Matches!$B$4:$K$113,8,0) -> New Zealand | U38: =VLOOKUP(S36,Matches!$B$4:$K$113,9,0) -> Belgium | W38: =VLOOKUP(V36,Matches!$B$4:$K$113,8,0) -> Uruguay | X38: =VLOOKUP(V36,Matches!$B$4:$K$113,9,0) -> Spain | Z38: =VLOOKUP(Y36,Matches!$B$4:$K$113,8,0) -> Senegal | AA38: =VLOOKUP(Y36,Matches!$B$4:$K$113,9,0) -> Iraq | AC38: =VLOOKUP(AB36,Matches!$B$4:$K$113,8,0) -> Jordan | AD38: =VLOOKUP(AB36,Matches!$B$4:$K$113,9,0) -> Argentina | AF38: =VLOOKUP(AE36,Matches!$B$4:$K$113,8,0) -> DR Congo | AG38: =VLOOKUP(AE36,Matches!$B$4:$K$113,9,0) -> Uzbekistan | AI38: =VLOOKUP(AH36,Matches!$B$4:$K$113,8,0) -> Croatia | AJ38: =VLOOKUP(AH36,Matches!$B$4:$K$113,9,0) -> Ghana | AL38: =IF(OR(ThirdPlaced!$D23>0,ThirdPlaced!$G23>0),ThirdPlaced!$C23,"") -> Ghana | AM38: =IF(AL38<>""," "&ThirdPlaced!$D23&" "&ThirdPlaced!$F23&Language!$E$197&ThirdPlaced!$G23,"") -> 4 3 - 3 | AN38: =IF(AL38<>"",ThirdPlaced!$I23,"") -> L
B39: 0 | C39: 2 | E39: 1 | F39: 0 | H39: 2 | I39: 0 | K39: 1 | L39: 1 | N39: 1 | O39: 2 | Q39: 0 | R39: 2 | T39: 0 | U39: 3 | W39: 1 | X39: 2 | Z39: 2 | AA39: 0 | AC39: 0 | AD39: 2 | AF39: 1 | AG39: 1 | AI39: 1 | AJ39: 1 | AL39: =IF(OR(ThirdPlaced!$D24>0,ThirdPlaced!$G24>0),ThirdPlaced!$C24,"") -> Algeria | AM39: =IF(AL39<>""," "&ThirdPlaced!$D24&" "&ThirdPlaced!$F24&Language!$E$197&ThirdPlaced!$G24,"") -> 3 4 - 4 | AN39: =IF(AL39<>"",ThirdPlaced!$I24,"") -> J
AL40: =IF(OR(ThirdPlaced!$D25>0,ThirdPlaced!$G25>0),ThirdPlaced!$C25,"") -> Bosnia/Herzeg. | AM40: =IF(AL40<>""," "&ThirdPlaced!$D25&" "&ThirdPlaced!$F25&Language!$E$197&ThirdPlaced!$G25,"") -> 3 2 - 4 | AN40: =IF(AL40<>"",ThirdPlaced!$I25,"") -> B
B41: =B9 -> Group A | E41: =E9 -> Group B | H41: =H9 -> Group C | K41: =K9 -> Group D | N41: =N9 -> Group E | Q41: =Q9 -> Group F | T41: =T9 -> Group G | W41: =W9 -> Group H | Z41: =Z9 -> Group I | AC41: =AC9 -> Group J | AF41: =AF9 -> Group K | AI41: =AI9 -> Group L | AL41: =IF(OR(ThirdPlaced!$D26>0,ThirdPlaced!$G26>0),ThirdPlaced!$C26,"") -> Paraguay | AM41: =IF(AL41<>""," "&ThirdPlaced!$D26&" "&ThirdPlaced!$F26&Language!$E$197&ThirdPlaced!$G26,"") -> 2 2 - 4 | AN41: =IF(AL41<>"",ThirdPlaced!$I26,"") -> D
A42: 1A | B42: =IF(CalcA!$L22,B3,"") -> Mexico | C42: =IF(CalcA!$L22,C3,"") -> 9 6 - 2 | D42: 1B | E42: =IF(CalcB!$L22,E3,"") -> Switzerland | F42: =IF(CalcB!$L22,F3,"") -> 7 5 - 1 | G42: 1C | H42: =IF(CalcC!$L22,H3,"") -> Brazil | I42: =IF(CalcC!$L22,I3,"") -> 9 7 - 2 | J42: 1D | K42: =IF(CalcD!$L22,K3,"") -> USA | L42: =IF(CalcD!$L22,L3,"") -> 7 5 - 2 | M42: 1E | N42: =IF(CalcE!$L22,N3,"") -> Germany | O42: =IF(CalcE!$L22,O3,"") -> 9 7 - 2 | P42: 1F | Q42: =IF(CalcF!$L22,Q3,"") -> Netherlands | R42: =IF(CalcF!$L22,R3,"") -> 9 6 - 2 | S42: 1G | T42: =IF(CalcG!$L22,T3,"") -> Belgium | U42: =IF(CalcG!$L22,U3,"") -> 7 6 - 2 | V42: 1H | W42: =IF(CalcH!$L22,W3,"") -> Spain | X42: =IF(CalcH!$L22,X3,"") -> 9 8 - 1 | Y42: 1I | Z42: =IF(CalcI!$L22,Z3,"") -> France | AA42: =IF(CalcI!$L22,AA3,"") -> 9 7 - 2 | AB42: 1J | AC42: =IF(CalcJ!$L22,AC3,"") -> Argentina | AD42: =IF(CalcJ!$L22,AD3,"") -> 9 6 - 2 | AE42: 1K | AF42: =IF(CalcK!$L22,AF3,"") -> Portugal | AG42: =IF(CalcK!$L22,AG3,"") -> 9 7 - 1 | AH42: 1L | AI42: =IF(CalcL!$L22,AI3,"") -> England | AJ42: =IF(CalcL!$L22,AJ3,"") -> 9 6 - 0 | AL42: =IF(OR(ThirdPlaced!$D27>0,ThirdPlaced!$G27>0),ThirdPlaced!$C27,"") -> DR Congo | AM42: =IF(AL42<>""," "&ThirdPlaced!$D27&" "&ThirdPlaced!$F27&Language!$E$197&ThirdPlaced!$G27,"") -> 1 2 - 5 | AN42: =IF(AL42<>"",ThirdPlaced!$I27,"") -> K
A43: 2A | B43: =IF(CalcA!$L23,B4,"") -> Rep. of Korea | C43: =IF(CalcA!$L23,C4,"") -> 4 4 - 3 | D43: 2B | E43: =IF(CalcB!$L23,E4,"") -> Canada | F43: =IF(CalcB!$L23,F4,"") -> 7 5 - 2 | G43: 2C | H43: =IF(CalcC!$L23,H4,"") -> Morocco | I43: =IF(CalcC!$L23,I4,"") -> 4 4 - 3 | J43: 2D | K43: =IF(CalcD!$L23,K4,"") -> Turkey | L43: =IF(CalcD!$L23,L4,"") -> 5 4 - 3 | M43: 2E | N43: =IF(CalcE!$L23,N4,"") -> Ecuador | O43: =IF(CalcE!$L23,O4,"") -> 4 4 - 3 | P43: 2F | Q43: =IF(CalcF!$L23,Q4,"") -> Sweden | R43: =IF(CalcF!$L23,R4,"") -> 4 4 - 3 | S43: 2G | T43: =IF(CalcG!$L23,T4,"") -> IR Iran | U43: =IF(CalcG!$L23,U4,"") -> 5 3 - 2 | V43: 2H | W43: =IF(CalcH!$L23,W4,"") -> Uruguay | X43: =IF(CalcH!$L23,X4,"") -> 6 5 - 2 | Y43: 2I | Z43: =IF(CalcI!$L23,Z4,"") -> Norway | AA43: =IF(CalcI!$L23,AA4,"") -> 4 5 - 3 | AB43: 2J | AC43: =IF(CalcJ!$L23,AC4,"") -> Austria | AD43: =IF(CalcJ!$L23,AD4,"") -> 6 5 - 3 | AE43: 2K | AF43: =IF(CalcK!$L23,AF4,"") -> Colombia | AG43: =IF(CalcK!$L23,AG4,"") -> 6 5 - 3 | AH43: 2L | AI43: =IF(CalcL!$L23,AI4,"") -> Croatia | AJ43: =IF(CalcL!$L23,AJ4,"") -> 4 3 - 3 | AL43: =IF(OR(ThirdPlaced!$D28>0,ThirdPlaced!$G28>0),ThirdPlaced!$C28,"") -> Saudi Arabia | AM43: =IF(AL43<>""," "&ThirdPlaced!$D28&" "&ThirdPlaced!$F28&Language!$E$197&ThirdPlaced!$G28,"") -> 1 1 - 6 | AN43: =IF(AL43<>"",ThirdPlaced!$I28,"") -> H
A44: 3A | B44: =IF(CalcA!$L24,B5,"") -> Czech Rep. | C44: =IF(CalcA!$L24,C5,"") -> 4 4 - 3 | D44: 3B | E44: =IF(CalcB!$L24,E5,"") -> Bosnia/Herzeg. | F44: =IF(CalcB!$L24,F5,"") -> 3 2 - 4 | G44: 3C | H44: =IF(CalcC!$L24,H5,"") -> Scotland | I44: =IF(CalcC!$L24,I5,"") -> 4 4 - 3 | J44: 3D | K44: =IF(CalcD!$L24,K5,"") -> Paraguay | L44: =IF(CalcD!$L24,L5,"") -> 2 2 - 4 | M44: 3E | N44: =IF(CalcE!$L24,N5,"") -> Ivory Coast | O44: =IF(CalcE!$L24,O5,"") -> 4 4 - 3 | P44: 3F | Q44: =IF(CalcF!$L24,Q5,"") -> Japan | R44: =IF(CalcF!$L24,R5,"") -> 4 3 - 3 | S44: 3G | T44: =IF(CalcG!$L24,T5,"") -> Egypt | U44: =IF(CalcG!$L24,U5,"") -> 4 4 - 3 | V44: 3H | W44: =IF(CalcH!$L24,W5,"") -> Saudi Arabia | X44: =IF(CalcH!$L24,X5,"") -> 1 1 - 6 | Y44: 3I | Z44: =IF(CalcI!$L24,Z5,"") -> Senegal | AA44: =IF(CalcI!$L24,AA5,"") -> 4 4 - 3 | AB44: 3J | AC44: =IF(CalcJ!$L24,AC5,"") -> Algeria | AD44: =IF(CalcJ!$L24,AD5,"") -> 3 4 - 4 | AE44: 3K | AF44: =IF(CalcK!$L24,AF5,"") -> DR Congo | AG44: =IF(CalcK!$L24,AG5,"") -> 1 2 - 5 | AH44: 3L | AI44: =IF(CalcL!$L24,AI5,"") -> Ghana | AJ44: =IF(CalcL!$L24,AJ5,"") -> 4 3 - 3 | AL44: =Language!$E$182 -> Group combination:
A45: 4A | B45: =IF(CalcA!$L25,B6,"") -> South Africa | C45: =IF(CalcA!$L25,C6,"") -> 0 0 - 6 | D45: 4B | E45: =IF(CalcB!$L25,E6,"") -> Qatar | F45: =IF(CalcB!$L25,F6,"") -> 0 0 - 5 | G45: 4C | H45: =IF(CalcC!$L25,H6,"") -> Haiti | I45: =IF(CalcC!$L25,I6,"") -> 0 0 - 7 | J45: 4D | K45: =IF(CalcD!$L25,K6,"") -> Australia | L45: =IF(CalcD!$L25,L6,"") -> 1 3 - 5 | M45: 4E | N45: =IF(CalcE!$L25,N6,"") -> Curaçao | O45: =IF(CalcE!$L25,O6,"") -> 0 0 - 7 | P45: 4F | Q45: =IF(CalcF!$L25,Q6,"") -> Tunisia | R45: =IF(CalcF!$L25,R6,"") -> 0 0 - 5 | S45: 4G | T45: =IF(CalcG!$L25,T6,"") -> New Zealand | U45: =IF(CalcG!$L25,U6,"") -> 0 0 - 6 | V45: 4H | W45: =IF(CalcH!$L25,W6,"") -> Cape Verde | X45: =IF(CalcH!$L25,X6,"") -> 1 1 - 6 | Y45: 4I | Z45: =IF(CalcI!$L25,Z6,"") -> Iraq | AA45: =IF(CalcI!$L25,AA6,"") -> 0 0 - 8 | AB45: 4J | AC45: =IF(CalcJ!$L25,AC6,"") -> Jordan | AD45: =IF(CalcJ!$L25,AD6,"") -> 0 0 - 6 | AE45: 4K | AF45: =IF(CalcK!$L25,AF6,"") -> Uzbekistan | AG45: =IF(CalcK!$L25,AG6,"") -> 1 1 - 6 | AH45: 4L | AI45: =IF(CalcL!$L25,AI6,"") -> Panama | AJ45: =IF(CalcL!$L25,AJ6,"") -> 0 0 - 6 | AL45: =IF(Distinctness!$G$17>0,ThirdPlaced!$I30,"") -> ACEFGIJL
B47: =VLOOKUP(VLOOKUP(A48,Matches!$B$77:$K$92,10,0),Language!$D$142:$E$157,2,0) -> Round of 32 - 3 | E47: =VLOOKUP(VLOOKUP(D48,Matches!$B$77:$K$92,10,0),Language!$D$142:$E$157,2,0) -> Round of 32 - 6 | H47: =VLOOKUP(VLOOKUP(G48,Matches!$B$77:$K$92,10,0),Language!$D$142:$E$157,2,0) -> Round of 32 - 1 | K47: =VLOOKUP(VLOOKUP(J48,Matches!$B$77:$K$92,10,0),Language!$D$142:$E$157,2,0) -> Round of 32 - 4 | N47: =VLOOKUP(VLOOKUP(M48,Matches!$B$77:$K$92,10,0),Language!$D$142:$E$157,2,0) -> Round of 32 - 12 | Q47: =VLOOKUP(VLOOKUP(P48,Matches!$B$77:$K$92,10,0),Language!$D$142:$E$157,2,0) -> Round of 32 - 11 | T47: =VLOOKUP(VLOOKUP(S48,Matches!$B$77:$K$92,10,0),Language!$D$142:$E$157,2,0) -> Round of 32 - 10 | W47: =VLOOKUP(VLOOKUP(V48,Matches!$B$77:$K$92,10,0),Language!$D$142:$E$157,2,0) -> Round of 32 - 9 | Z47: =VLOOKUP(VLOOKUP(Y48,Matches!$B$77:$K$92,10,0),Language!$D$142:$E$157,2,0) -> Round of 32 - 2 | AC47: =VLOOKUP(VLOOKUP(AB48,Matches!$B$77:$K$92,10,0),Language!$D$142:$E$157,2,0) -> Round of 32 - 5 | AF47: =VLOOKUP(VLOOKUP(AE48,Matches!$B$77:$K$92,10,0),Language!$D$142:$E$157,2,0) -> Round of 32 - 7 | AI47: =VLOOKUP(VLOOKUP(AH48,Matches!$B$77:$K$92,10,0),Language!$D$142:$E$157,2,0) -> Round of 32 - 8 | AL47: =VLOOKUP(VLOOKUP(AK48,Matches!$B$77:$K$92,10,0),Language!$D$142:$E$157,2,0) -> Round of 32 - 15 | AO47: =VLOOKUP(VLOOKUP(AN48,Matches!$B$77:$K$92,10,0),Language!$D$142:$E$157,2,0) -> Round of 32 - 14 | AR47: =VLOOKUP(VLOOKUP(AQ48,Matches!$B$77:$K$92,10,0),Language!$D$142:$E$157,2,0) -> Round of 32 - 13 | AU47: =VLOOKUP(VLOOKUP(AT48,Matches!$B$77:$K$92,10,0),Language!$D$142:$E$157,2,0) -> Round of 32 - 16
A48: =RIGHT($B$64,2)*1 -> 74 | B48: =VLOOKUP(A48,Matches!$B$4:$K$113,7,0) -> Boston | D48: =RIGHT($C$64,2)*1 -> 77 | E48: =VLOOKUP(D48,Matches!$B$4:$K$113,7,0) -> New York/New Jersey | G48: =RIGHT($E$64,2)*1 -> 73 | H48: =VLOOKUP(G48,Matches!$B$4:$K$113,7,0) -> Los Angeles | J48: =RIGHT($F$64,2)*1 -> 75 | K48: =VLOOKUP(J48,Matches!$B$4:$K$113,7,0) -> Monterrey | M48: =RIGHT($H$64,2)*1 -> 83 | N48: =VLOOKUP(M48,Matches!$B$4:$K$113,7,0) -> Toronto | P48: =RIGHT($I$64,2)*1 -> 84 | Q48: =VLOOKUP(P48,Matches!$B$4:$K$113,7,0) -> Los Angeles | S48: =RIGHT($K$64,2)*1 -> 81 | T48: =VLOOKUP(S48,Matches!$B$4:$K$113,7,0) -> San Francisco Bay Area | V48: =RIGHT($L$64,2)*1 -> 82 | W48: =VLOOKUP(V48,Matches!$B$4:$K$113,7,0) -> Seattle | Y48: =RIGHT($N$64,2)*1 -> 76 | Z48: =VLOOKUP(Y48,Matches!$B$4:$K$113,7,0) -> Houston | AB48: =RIGHT($O$64,2)*1 -> 78 | AC48: =VLOOKUP(AB48,Matches!$B$4:$K$113,7,0) -> Dallas | AE48: =RIGHT($Q$64,2)*1 -> 79 | AF48: =VLOOKUP(AE48,Matches!$B$4:$K$113,7,0) -> Mexico City | AH48: =RIGHT($R$64,2)*1 -> 80 | AI48: =VLOOKUP(AH48,Matches!$B$4:$K$113,7,0) -> Atlanta | AK48: =RIGHT($T$64,2)*1 -> 86 | AL48: =VLOOKUP(AK48,Matches!$B$4:$K$113,7,0) -> Miami | AN48: =RIGHT($U$64,2)*1 -> 88 | AO48: =VLOOKUP(AN48,Matches!$B$4:$K$113,7,0) -> Dallas | AQ48: =RIGHT($W$64,2)*1 -> 85 | AR48: =VLOOKUP(AQ48,Matches!$B$4:$K$113,7,0) -> Vancouver | AT48: =RIGHT($X$64,2)*1 -> 87 | AU48: =VLOOKUP(AT48,Matches!$B$4:$K$113,7,0) -> Kansas City
B49: =VLOOKUP(A48,Matches!$B$4:$K$113,5,0) -> 46202.938 | E49: =VLOOKUP(D48,Matches!$B$4:$K$113,5,0) -> 46203.958 | H49: =VLOOKUP(G48,Matches!$B$4:$K$113,5,0) -> 46201.875 | K49: =VLOOKUP(J48,Matches!$B$4:$K$113,5,0) -> 46203.125 | N49: =VLOOKUP(M48,Matches!$B$4:$K$113,5,0) -> 46206.042 | Q49: =VLOOKUP(P48,Matches!$B$4:$K$113,5,0) -> 46205.875 | T49: =VLOOKUP(S48,Matches!$B$4:$K$113,5,0) -> 46205.083 | W49: =VLOOKUP(V48,Matches!$B$4:$K$113,5,0) -> 46204.917 | Z49: =VLOOKUP(Y48,Matches!$B$4:$K$113,5,0) -> 46202.792 | AC49: =VLOOKUP(AB48,Matches!$B$4:$K$113,5,0) -> 46203.792 | AF49: =VLOOKUP(AE48,Matches!$B$4:$K$113,5,0) -> 46204.125 | AI49: =VLOOKUP(AH48,Matches!$B$4:$K$113,5,0) -> 46204.75 | AL49: =VLOOKUP(AK48,Matches!$B$4:$K$113,5,0) -> 46207 | AO49: =VLOOKUP(AN48,Matches!$B$4:$K$113,5,0) -> 46206.833 | AR49: =VLOOKUP(AQ48,Matches!$B$4:$K$113,5,0) -> 46206.208 | AU49: =VLOOKUP(AT48,Matches!$B$4:$K$113,5,0) -> 46207.146
B50: =VLOOKUP(A48,Matches!$B$4:$K$113,8,0) -> Germany | C50: =VLOOKUP(A48,Matches!$B$4:$K$113,9,0) -> Scotland | E50: =VLOOKUP(D48,Matches!$B$4:$K$113,8,0) -> France | F50: =VLOOKUP(D48,Matches!$B$4:$K$113,9,0) -> Japan | H50: =VLOOKUP(G48,Matches!$B$4:$K$113,8,0) -> Rep. of Korea | I50: =VLOOKUP(G48,Matches!$B$4:$K$113,9,0) -> Canada | K50: =VLOOKUP(J48,Matches!$B$4:$K$113,8,0) -> Netherlands | L50: =VLOOKUP(J48,Matches!$B$4:$K$113,9,0) -> Morocco | N50: =VLOOKUP(M48,Matches!$B$4:$K$113,8,0) -> Colombia | O50: =VLOOKUP(M48,Matches!$B$4:$K$113,9,0) -> Croatia | Q50: =VLOOKUP(P48,Matches!$B$4:$K$113,8,0) -> Spain | R50: =VLOOKUP(P48,Matches!$B$4:$K$113,9,0) -> Austria | T50: =VLOOKUP(S48,Matches!$B$4:$K$113,8,0) -> USA | U50: =VLOOKUP(S48,Matches!$B$4:$K$113,9,0) -> Algeria | W50: =VLOOKUP(V48,Matches!$B$4:$K$113,8,0) -> Belgium | X50: =VLOOKUP(V48,Matches!$B$4:$K$113,9,0) -> Czech Rep. | Z50: =VLOOKUP(Y48,Matches!$B$4:$K$113,8,0) -> Brazil | AA50: =VLOOKUP(Y48,Matches!$B$4:$K$113,9,0) -> Sweden | AC50: =VLOOKUP(AB48,Matches!$B$4:$K$113,8,0) -> Ecuador | AD50: =VLOOKUP(AB48,Matches!$B$4:$K$113,9,0) -> Norway | AF50: =VLOOKUP(AE48,Matches!$B$4:$K$113,8,0) -> Mexico | AG50: =VLOOKUP(AE48,Matches!$B$4:$K$113,9,0) -> Ivory Coast | AI50: =VLOOKUP(AH48,Matches!$B$4:$K$113,8,0) -> England | AJ50: =VLOOKUP(AH48,Matches!$B$4:$K$113,9,0) -> Senegal | AL50: =VLOOKUP(AK48,Matches!$B$4:$K$113,8,0) -> Argentina | AM50: =VLOOKUP(AK48,Matches!$B$4:$K$113,9,0) -> Uruguay | AO50: =VLOOKUP(AN48,Matches!$B$4:$K$113,8,0) -> Turkey | AP50: =VLOOKUP(AN48,Matches!$B$4:$K$113,9,0) -> IR Iran | AR50: =VLOOKUP(AQ48,Matches!$B$4:$K$113,8,0) -> Switzerland | AS50: =VLOOKUP(AQ48,Matches!$B$4:$K$113,9,0) -> Egypt | AU50: =VLOOKUP(AT48,Matches!$B$4:$K$113,8,0) -> Portugal | AV50: =VLOOKUP(AT48,Matches!$B$4:$K$113,9,0) -> Ghana
B51: 3 | C51: 0 | E51: 2 | F51: 0 | H51: 0 | I51: 1 | K51: 2 | L51: 0 | N51: 0 | O51: 0 | Q51: 2 | R51: 0 | T51: 1 | U51: 0 | W51: 3 | X51: 1 | Z51: 2 | AA51: 1 | AC51: 0 | AD51: 1 | AF51: 1 | AG51: 0 | AI51: 3 | AJ51: 0 | AL51: 1 | AM51: 0 | AO51: 1 | AP51: 0 | AR51: 1 | AS51: 1 | AU51: 3 | AV51: 0
B52: =Language!$E$175 -> Penalty shoot-out: | E52: =Language!$E$175 -> Penalty shoot-out: | H52: =Language!$E$175 -> Penalty shoot-out: | K52: =Language!$E$175 -> Penalty shoot-out: | N52: =Language!$E$175 -> Penalty shoot-out: | Q52: =Language!$E$175 -> Penalty shoot-out: | T52: =Language!$E$175 -> Penalty shoot-out: | W52: =Language!$E$175 -> Penalty shoot-out: | Z52: =Language!$E$175 -> Penalty shoot-out: | AC52: =Language!$E$175 -> Penalty shoot-out: | AF52: =Language!$E$175 -> Penalty shoot-out: | AI52: =Language!$E$175 -> Penalty shoot-out: | AL52: =Language!$E$175 -> Penalty shoot-out: | AO52: =Language!$E$175 -> Penalty shoot-out: | AR52: =Language!$E$175 -> Penalty shoot-out: | AU52: =Language!$E$175 -> Penalty shoot-out:
N53: 3 | O53: 4 | AR53: 5 | AS53: 4
B54: =VLOOKUP(A48,Matches!$B$4:$K$113,2,0) -> 1E | C54: =VLOOKUP(A48,Matches!$B$4:$K$113,3,0) -> 3-ABCDF | E54: =VLOOKUP(D48,Matches!$B$4:$K$113,2,0) -> 1I | F54: =VLOOKUP(D48,Matches!$B$4:$K$113,3,0) -> 3-CDFGH | H54: =VLOOKUP(G48,Matches!$B$4:$K$113,2,0) -> 2A | I54: =VLOOKUP(G48,Matches!$B$4:$K$113,3,0) -> 2B | K54: =VLOOKUP(J48,Matches!$B$4:$K$113,2,0) -> 1F | L54: =VLOOKUP(J48,Matches!$B$4:$K$113,3,0) -> 2C | N54: =VLOOKUP(M48,Matches!$B$4:$K$113,2,0) -> 2K | O54: =VLOOKUP(M48,Matches!$B$4:$K$113,3,0) -> 2L | Q54: =VLOOKUP(P48,Matches!$B$4:$K$113,2,0) -> 1H | R54: =VLOOKUP(P48,Matches!$B$4:$K$113,3,0) -> 2J | T54: =VLOOKUP(S48,Matches!$B$4:$K$113,2,0) -> 1D | U54: =VLOOKUP(S48,Matches!$B$4:$K$113,3,0) -> 3-BEFIJ | W54: =VLOOKUP(V48,Matches!$B$4:$K$113,2,0) -> 1G | X54: =VLOOKUP(V48,Matches!$B$4:$K$113,3,0) -> 3-AEHIJ | Z54: =VLOOKUP(Y48,Matches!$B$4:$K$113,2,0) -> 1C | AA54: =VLOOKUP(Y48,Matches!$B$4:$K$113,3,0) -> 2F | AC54: =VLOOKUP(AB48,Matches!$B$4:$K$113,2,0) -> 2E | AD54: =VLOOKUP(AB48,Matches!$B$4:$K$113,3,0) -> 2I | AF54: =VLOOKUP(AE48,Matches!$B$4:$K$113,2,0) -> 1A | AG54: =VLOOKUP(AE48,Matches!$B$4:$K$113,3,0) -> 3-CEFHI | AI54: =VLOOKUP(AH48,Matches!$B$4:$K$113,2,0) -> 1L | AJ54: =VLOOKUP(AH48,Matches!$B$4:$K$113,3,0) -> 3-EHIJK | AL54: =VLOOKUP(AK48,Matches!$B$4:$K$113,2,0) -> 1J | AM54: =VLOOKUP(AK48,Matches!$B$4:$K$113,3,0) -> 2H | AO54: =VLOOKUP(AN48,Matches!$B$4:$K$113,2,0) -> 2D | AP54: =VLOOKUP(AN48,Matches!$B$4:$K$113,3,0) -> 2G | AR54: =VLOOKUP(AQ48,Matches!$B$4:$K$113,2,0) -> 1B | AS54: =VLOOKUP(AQ48,Matches!$B$4:$K$113,3,0) -> 3-EFGIJ | AU54: =VLOOKUP(AT48,Matches!$B$4:$K$113,2,0) -> 1K | AV54: =VLOOKUP(AT48,Matches!$B$4:$K$113,3,0) -> 3-DEIJL
B55: =IF(AND(B51<>"",C51<>"",B51=C51,B53<>"",C53<>"",B53=C53),Language!$E$192,"") | E55: =IF(AND(E51<>"",F51<>"",E51=F51,E53<>"",F53<>"",E53=F53),Language!$E$192,"") | H55: =IF(AND(H51<>"",I51<>"",H51=I51,H53<>"",I53<>"",H53=I53),Language!$E$192,"") | K55: =IF(AND(K51<>"",L51<>"",K51=L51,K53<>"",L53<>"",K53=L53),Language!$E$192,"") | N55: =IF(AND(N51<>"",O51<>"",N51=O51,N53<>"",O53<>"",N53=O53),Language!$E$192,"") | Q55: =IF(AND(Q51<>"",R51<>"",Q51=R51,Q53<>"",R53<>"",Q53=R53),Language!$E$192,"") | T55: =IF(AND(T51<>"",U51<>"",T51=U51,T53<>"",U53<>"",T53=U53),Language!$E$192,"") | W55: =IF(AND(W51<>"",X51<>"",W51=X51,W53<>"",X53<>"",W53=X53),Language!$E$192,"") | Z55: =IF(AND(Z51<>"",AA51<>"",Z51=AA51,Z53<>"",AA53<>"",Z53=AA53),Language!$E$192,"") | AC55: =IF(AND(AC51<>"",AD51<>"",AC51=AD51,AC53<>"",AD53<>"",AC53=AD53),Language!$E$192,"") | AF55: =IF(AND(AF51<>"",AG51<>"",AF51=AG51,AF53<>"",AG53<>"",AF53=AG53),Language!$E$192,"") | AI55: =IF(AND(AI51<>"",AJ51<>"",AI51=AJ51,AI53<>"",AJ53<>"",AI53=AJ53),Language!$E$192,"") | AL55: =IF(AND(AL51<>"",AM51<>"",AL51=AM51,AL53<>"",AM53<>"",AL53=AM53),Language!$E$192,"") | AO55: =IF(AND(AO51<>"",AP51<>"",AO51=AP51,AO53<>"",AP53<>"",AO53=AP53),Language!$E$192,"") | AR55: =IF(AND(AR51<>"",AS51<>"",AR51=AS51,AR53<>"",AS53<>"",AR53=AS53),Language!$E$192,"") | AU55: =IF(AND(AU51<>"",AV51<>"",AU51=AV51,AU53<>"",AV53<>"",AU53=AV53),Language!$E$192,"")
B57: =VLOOKUP(VLOOKUP(A58,Matches!$B$94:$K$101,10,0),Language!$D$158:$E$165,2,0) -> Round of 16 - 2 | E57: =VLOOKUP(VLOOKUP(D58,Matches!$B$94:$K$101,10,0),Language!$D$158:$E$165,2,0) -> Round of 16 - 1 | H57: =VLOOKUP(VLOOKUP(G58,Matches!$B$94:$K$101,10,0),Language!$D$158:$E$165,2,0) -> Round of 16 - 5 | K57: =VLOOKUP(VLOOKUP(J58,Matches!$B$94:$K$101,10,0),Language!$D$158:$E$165,2,0) -> Round of 16 - 6 | N57: =VLOOKUP(VLOOKUP(M58,Matches!$B$94:$K$101,10,0),Language!$D$158:$E$165,2,0) -> Round of 16 - 3 | Q57: =VLOOKUP(VLOOKUP(P58,Matches!$B$94:$K$101,10,0),Language!$D$158:$E$165,2,0) -> Round of 16 - 4 | T57: =VLOOKUP(VLOOKUP(S58,Matches!$B$94:$K$101,10,0),Language!$D$158:$E$165,2,0) -> Round of 16 - 7 | W57: =VLOOKUP(VLOOKUP(V58,Matches!$B$94:$K$101,10,0),Language!$D$158:$E$165,2,0) -> Round of 16 - 8
A58: =RIGHT($C$74,2)*1 -> 89 | B58: =VLOOKUP(A58,Matches!$B$4:$K$113,7,0) -> Philadelphia | D58: =RIGHT($E$74,2)*1 -> 90 | E58: =VLOOKUP(D58,Matches!$B$4:$K$113,7,0) -> Houston | G58: =RIGHT($I$74,2)*1 -> 93 | H58: =VLOOKUP(G58,Matches!$B$4:$K$113,7,0) -> Dallas | J58: =RIGHT($K$74,2)*1 -> 94 | K58: =VLOOKUP(J58,Matches!$B$4:$K$113,7,0) -> Seattle | M58: =RIGHT($O$74,2)*1 -> 91 | N58: =VLOOKUP(M58,Matches!$B$4:$K$113,7,0) -> New York/New Jersey | P58: =RIGHT($Q$74,2)*1 -> 92 | Q58: =VLOOKUP(P58,Matches!$B$4:$K$113,7,0) -> Mexico City | S58: =RIGHT($U$74,2)*1 -> 95 | T58: =VLOOKUP(S58,Matches!$B$4:$K$113,7,0) -> Atlanta | V58: =RIGHT($W$74,2)*1 -> 96 | W58: =VLOOKUP(V58,Matches!$B$4:$K$113,7,0) -> Vancouver
B59: =VLOOKUP(A58,Matches!$B$4:$K$113,5,0) -> 46207.958 | E59: =VLOOKUP(D58,Matches!$B$4:$K$113,5,0) -> 46207.792 | H59: =VLOOKUP(G58,Matches!$B$4:$K$113,5,0) -> 46209.875 | K59: =VLOOKUP(J58,Matches!$B$4:$K$113,5,0) -> 46210.083 | N59: =VLOOKUP(M58,Matches!$B$4:$K$113,5,0) -> 46208.917 | Q59: =VLOOKUP(P58,Matches!$B$4:$K$113,5,0) -> 46209.083 | T59: =VLOOKUP(S58,Matches!$B$4:$K$113,5,0) -> 46210.75 | W59: =VLOOKUP(V58,Matches!$B$4:$K$113,5,0) -> 46210.917
B60: =IF(AND(B51<>"",C51<>""),IF(B51>C51,B50,IF(B51<C51,C50,IF(AND(B53<>"",C53<>""),IF(B53>C53,B50,IF(B53<C53,C50,"")),""))),"") -> Germany | C60: =IF(AND(E51<>"",F51<>""),IF(E51>F51,E50,IF(E51<F51,F50,IF(AND(E53<>"",F53<>""),IF(E53>F53,E50,IF(E53<F53,F50,"")),""))),"") -> France | E60: =IF(AND(H51<>"",I51<>""),IF(H51>I51,H50,IF(H51<I51,I50,IF(AND(H53<>"",I53<>""),IF(H53>I53,H50,IF(H53<I53,I50,"")),""))),"") -> Canada | F60: =IF(AND(K51<>"",L51<>""),IF(K51>L51,K50,IF(K51<L51,L50,IF(AND(K53<>"",L53<>""),IF(K53>L53,K50,IF(K53<L53,L50,"")),""))),"") -> Netherlands | H60: =IF(AND(N51<>"",O51<>""),IF(N51>O51,N50,IF(N51<O51,O50,IF(AND(N53<>"",O53<>""),IF(N53>O53,N50,IF(N53<O53,O50,"")),""))),"") -> Croatia | I60: =IF(AND(Q51<>"",R51<>""),IF(Q51>R51,Q50,IF(Q51<R51,R50,IF(AND(Q53<>"",R53<>""),IF(Q53>R53,Q50,IF(Q53<R53,R50,"")),""))),"") -> Spain | K60: =IF(AND(T51<>"",U51<>""),IF(T51>U51,T50,IF(T51<U51,U50,IF(AND(T53<>"",U53<>""),IF(T53>U53,T50,IF(T53<U53,U50,"")),""))),"") -> USA | L60: =IF(AND(W51<>"",X51<>""),IF(W51>X51,W50,IF(W51<X51,X50,IF(AND(W53<>"",X53<>""),IF(W53>X53,W50,IF(W53<X53,X50,"")),""))),"") -> Belgium | N60: =IF(AND(Z51<>"",AA51<>""),IF(Z51>AA51,Z50,IF(Z51<AA51,AA50,IF(AND(Z53<>"",AA53<>""),IF(Z53>AA53,Z50,IF(Z53<AA53,AA50,"")),""))),"") -> Brazil | O60: =IF(AND(AC51<>"",AD51<>""),IF(AC51>AD51,AC50,IF(AC51<AD51,AD50,IF(AND(AC53<>"",AD53<>""),IF(AC53>AD53,AC50,IF(AC53<AD53,AD50,"")),""))),"") -> Norway | Q60: =IF(AND(AF51<>"",AG51<>""),IF(AF51>AG51,AF50,IF(AF51<AG51,AG50,IF(AND(AF53<>"",AG53<>""),IF(AF53>AG53,AF50,IF(AF53<AG53,AG50,"")),""))),"") -> Mexico | R60: =IF(AND(AI51<>"",AJ51<>""),IF(AI51>AJ51,AI50,IF(AI51<AJ51,AJ50,IF(AND(AI53<>"",AJ53<>""),IF(AI53>AJ53,AI50,IF(AI53<AJ53,AJ50,"")),""))),"") -> England | T60: =IF(AND(AL51<>"",AM51<>""),IF(AL51>AM51,AL50,IF(AL51<AM51,AM50,IF(AND(AL53<>"",AM53<>""),IF(AL53>AM53,AL50,IF(AL53<AM53,AM50,"")),""))),"") -> Argentina | U60: =IF(AND(AO51<>"",AP51<>""),IF(AO51>AP51,AO50,IF(AO51<AP51,AP50,IF(AND(AO53<>"",AP53<>""),IF(AO53>AP53,AO50,IF(AO53<AP53,AP50,"")),""))),"") -> Turkey | W60: =IF(AND(AR51<>"",AS51<>""),IF(AR51>AS51,AR50,IF(AR51<AS51,AS50,IF(AND(AR53<>"",AS53<>""),IF(AR53>AS53,AR50,IF(AR53<AS53,AS50,"")),""))),"") -> Switzerland | X60: =IF(AND(AU51<>"",AV51<>""),IF(AU51>AV51,AU50,IF(AU51<AV51,AV50,IF(AND(AU53<>"",AV53<>""),IF(AU53>AV53,AU50,IF(AU53<AV53,AV50,"")),""))),"") -> Portugal
B61: 1 | C61: 2 | E61: 0 | F61: 2 | H61: 0 | I61: 2 | K61: 1 | L61: 2 | N61: 2 | O61: 0 | Q61: 0 | R61: 2 | T61: 2 | U61: 0 | W61: 1 | X61: 3
B62: =Language!$E$175 -> Penalty shoot-out: | E62: =Language!$E$175 -> Penalty shoot-out: | H62: =Language!$E$175 -> Penalty shoot-out: | K62: =Language!$E$175 -> Penalty shoot-out: | N62: =Language!$E$175 -> Penalty shoot-out: | Q62: =Language!$E$175 -> Penalty shoot-out: | T62: =Language!$E$175 -> Penalty shoot-out: | W62: =Language!$E$175 -> Penalty shoot-out:
B64: =VLOOKUP(A58,Matches!$B$4:$K$113,2,0) -> W74 | C64: =VLOOKUP(A58,Matches!$B$4:$K$113,3,0) -> W77 | E64: =VLOOKUP(D58,Matches!$B$4:$K$113,2,0) -> W73 | F64: =VLOOKUP(D58,Matches!$B$4:$K$113,3,0) -> W75 | H64: =VLOOKUP(G58,Matches!$B$4:$K$113,2,0) -> W83 | I64: =VLOOKUP(G58,Matches!$B$4:$K$113,3,0) -> W84 | K64: =VLOOKUP(J58,Matches!$B$4:$K$113,2,0) -> W81 | L64: =VLOOKUP(J58,Matches!$B$4:$K$113,3,0) -> W82 | N64: =VLOOKUP(M58,Matches!$B$4:$K$113,2,0) -> W76 | O64: =VLOOKUP(M58,Matches!$B$4:$K$113,3,0) -> W78 | Q64: =VLOOKUP(P58,Matches!$B$4:$K$113,2,0) -> W79 | R64: =VLOOKUP(P58,Matches!$B$4:$K$113,3,0) -> W80 | T64: =VLOOKUP(S58,Matches!$B$4:$K$113,2,0) -> W86 | U64: =VLOOKUP(S58,Matches!$B$4:$K$113,3,0) -> W88 | W64: =VLOOKUP(V58,Matches!$B$4:$K$113,2,0) -> W85 | X64: =VLOOKUP(V58,Matches!$B$4:$K$113,3,0) -> W87
B65: =IF(AND(B61<>"",C61<>"",B61=C61,B63<>"",C63<>"",B63=C63),Language!$E$192,"") | E65: =IF(AND(E61<>"",F61<>"",E61=F61,E63<>"",F63<>"",E63=F63),Language!$E$192,"") | H65: =IF(AND(H61<>"",I61<>"",H61=I61,H63<>"",I63<>"",H63=I63),Language!$E$192,"") | K65: =IF(AND(K61<>"",L61<>"",K61=L61,K63<>"",L63<>"",K63=L63),Language!$E$192,"") | N65: =IF(AND(N61<>"",O61<>"",N61=O61,N63<>"",O63<>"",N63=O63),Language!$E$192,"") | Q65: =IF(AND(Q61<>"",R61<>"",Q61=R61,Q63<>"",R63<>"",Q63=R63),Language!$E$192,"") | T65: =IF(AND(T61<>"",U61<>"",T61=U61,T63<>"",U63<>"",T63=U63),Language!$E$192,"") | W65: =IF(AND(W61<>"",X61<>"",W61=X61,W63<>"",X63<>"",W63=X63),Language!$E$192,"")
C67: =VLOOKUP(VLOOKUP(B68,Matches!$B$103:$K$106,10,0),Language!$D$166:$E$169,2,0) -> Quarter final 1 | I67: =VLOOKUP(VLOOKUP(H68,Matches!$B$103:$K$106,10,0),Language!$D$166:$E$169,2,0) -> Quarter final 2 | O67: =VLOOKUP(VLOOKUP(N68,Matches!$B$103:$K$106,10,0),Language!$D$166:$E$169,2,0) -> Quarter final 3 | U67: =VLOOKUP(VLOOKUP(T68,Matches!$B$103:$K$106,10,0),Language!$D$166:$E$169,2,0) -> Quarter final 4
B68: =RIGHT($F$84,LEN($F$84)-1)*1 -> 97 | C68: =VLOOKUP(B68,Matches!$B$4:$K$113,7,0) -> Boston | H68: =RIGHT($H$84,LEN($H$84)-1)*1 -> 98 | I68: =VLOOKUP(H68,Matches!$B$4:$K$113,7,0) -> Los Angeles | N68: =RIGHT($R$84,LEN($R$84)-1)*1 -> 99 | O68: =VLOOKUP(N68,Matches!$B$4:$K$113,7,0) -> Miami | T68: =RIGHT($T$84,LEN($T$84)-1)*1 -> 100 | U68: =VLOOKUP(T68,Matches!$B$4:$K$113,7,0) -> Kansas City
C69: =VLOOKUP(B68,Matches!$B$4:$K$113,5,0) -> 46212.917 | I69: =VLOOKUP(H68,Matches!$B$4:$K$113,5,0) -> 46213.875 | O69: =VLOOKUP(N68,Matches!$B$4:$K$113,5,0) -> 46214.958 | U69: =VLOOKUP(T68,Matches!$B$4:$K$113,5,0) -> 46215.125
C70: =IF(AND(B61<>"",C61<>""),IF(B61>C61,B60,IF(B61<C61,C60,IF(AND(B63<>"",C63<>""),IF(B63>C63,B60,IF(B63<C63,C60,"")),""))),"") -> France | E70: =IF(AND(E61<>"",F61<>""),IF(E61>F61,E60,IF(E61<F61,F60,IF(AND(E63<>"",F63<>""),IF(E63>F63,E60,IF(E63<F63,F60,"")),""))),"") -> Netherlands | I70: =IF(AND(H61<>"",I61<>""),IF(H61>I61,H60,IF(H61<I61,I60,IF(AND(H63<>"",I63<>""),IF(H63>I63,H60,IF(H63<I63,I60,"")),""))),"") -> Spain | K70: =IF(AND(K61<>"",L61<>""),IF(K61>L61,K60,IF(K61<L61,L60,IF(AND(K63<>"",L63<>""),IF(K63>L63,K60,IF(K63<L63,L60,"")),""))),"") -> Belgium | O70: =IF(AND(N61<>"",O61<>""),IF(N61>O61,N60,IF(N61<O61,O60,IF(AND(N63<>"",O63<>""),IF(N63>O63,N60,IF(N63<O63,O60,"")),""))),"") -> Brazil | Q70: =IF(AND(Q61<>"",R61<>""),IF(Q61>R61,Q60,IF(Q61<R61,R60,IF(AND(Q63<>"",R63<>""),IF(Q63>R63,Q60,IF(Q63<R63,R60,"")),""))),"") -> England | U70: =IF(AND(T61<>"",U61<>""),IF(T61>U61,T60,IF(T61<U61,U60,IF(AND(T63<>"",U63<>""),IF(T63>U63,T60,IF(T63<U63,U60,"")),""))),"") -> Argentina | W70: =IF(AND(W61<>"",X61<>""),IF(W61>X61,W60,IF(W61<X61,X60,IF(AND(W63<>"",X63<>""),IF(W63>X63,W60,IF(W63<X63,X60,"")),""))),"") -> Portugal
C71: 3 | E71: 1 | I71: 2 | K71: 1 | O71: 1 | Q71: 2 | U71: 0 | W71: 1
C72: =Language!$E$175 -> Penalty shoot-out: | I72: =Language!$E$175 -> Penalty shoot-out: | O72: =Language!$E$175 -> Penalty shoot-out: | U72: =Language!$E$175 -> Penalty shoot-out:
C74: =VLOOKUP(B68,Matches!$B$103:$K$113,2,0) -> W89 | E74: =VLOOKUP(B68,Matches!$B$103:$K$113,3,0) -> W90 | I74: =VLOOKUP(H68,Matches!$B$103:$K$113,2,0) -> W93 | K74: =VLOOKUP(H68,Matches!$B$103:$K$113,3,0) -> W94 | O74: =VLOOKUP(N68,Matches!$B$103:$K$113,2,0) -> W91 | Q74: =VLOOKUP(N68,Matches!$B$103:$K$113,3,0) -> W92 | U74: =VLOOKUP(T68,Matches!$B$103:$K$113,2,0) -> W95 | W74: =VLOOKUP(T68,Matches!$B$103:$K$113,3,0) -> W96
C75: =IF(AND(C71<>"",E71<>"",C71=E71,C73<>"",E73<>"",C73=E73),Language!$E$192,"") | I75: =IF(AND(I71<>"",K71<>"",I71=K71,I73<>"",K73<>"",I73=K73),Language!$E$192,"") | O75: =IF(AND(O71<>"",Q71<>"",O71=Q71,O73<>"",Q73<>"",O73=Q73),Language!$E$192,"") | U75: =IF(AND(U71<>"",W71<>"",U71=W71,U73<>"",W73<>"",U73=W73),Language!$E$192,"")
F77: =VLOOKUP(E78,Matches!$B$103:$K$113,10,0) -> Semi-Final 1 | R77: =VLOOKUP(Q78,Matches!$B$103:$K$113,10,0) -> Semi-Final 2
E78: 101 | F78: =VLOOKUP(E78,Matches!$B$4:$K$113,7,0) -> Dallas | Q78: 102 | R78: =VLOOKUP(Q78,Matches!$B$4:$K$113,7,0) -> Atlanta
F79: =VLOOKUP(E78,Matches!$B$4:$K$113,5,0) -> 46217.875 | R79: =VLOOKUP(Q78,Matches!$B$4:$K$113,5,0) -> 46218.875
F80: =IF(AND(C71<>"",E71<>""),IF(C71>E71,C70,IF(C71<E71,E70,IF(AND(C73<>"",E73<>""),IF(C73>E73,C70,IF(C73<E73,E70,"")),""))),"") -> France | H80: =IF(AND(I71<>"",K71<>""),IF(I71>K71,I70,IF(I71<K71,K70,IF(AND(I73<>"",K73<>""),IF(I73>K73,I70,IF(I73<K73,K70,"")),""))),"") -> Spain | R80: =IF(AND(O71<>"",Q71<>""),IF(O71>Q71,O70,IF(O71<Q71,Q70,IF(AND(O73<>"",Q73<>""),IF(O73>Q73,O70,IF(O73<Q73,Q70,"")),""))),"") -> England | T80: =IF(AND(U71<>"",W71<>""),IF(U71>W71,U70,IF(U71<W71,W70,IF(AND(U73<>"",W73<>""),IF(U73>W73,U70,IF(U73<W73,W70,"")),""))),"") -> Portugal
F81: 0 | H81: 1 | R81: 0 | T81: 1
F82: =Language!$E$175 -> Penalty shoot-out: | R82: =Language!$E$175 -> Penalty shoot-out:
F84: =VLOOKUP(E78,Matches!$B$103:$K$113,2,0) -> W97 | H84: =VLOOKUP(E78,Matches!$B$103:$K$113,3,0) -> W98 | R84: =VLOOKUP(Q78,Matches!$B$103:$K$113,2,0) -> W99 | T84: =VLOOKUP(Q78,Matches!$B$103:$K$113,3,0) -> W100
F85: =IF(AND(F81<>"",H81<>"",F81=H81,F83<>"",H83<>"",F83=H83),Language!$E$192,"") | L85: =VLOOKUP(K86,Matches!$B$103:$K$113,10,0) -> Third place | R85: =IF(AND(R81<>"",T81<>"",R81=T81,R83<>"",T83<>"",R83=T83),Language!$E$192,"")
K86: 103 | L86: =VLOOKUP(K86,Matches!$B$4:$K$113,7,0) -> Miami
L87: =VLOOKUP(K86,Matches!$B$4:$K$113,5,0) -> 46221.958
L88: =IF(AND(F81<>"",H81<>""),IF(F81<H81,F80,IF(F81>H81,H80,IF(AND(F83<>"",H83<>""),IF(F83<H83,F80,IF(F83>H83,H80,"")),""))),"") -> France | N88: =IF(AND(R81<>"",T81<>""),IF(R81<T81,R80,IF(R81>T81,T80,IF(AND(R83<>"",T83<>""),IF(R83<T83,R80,IF(R83>T83,T80,"")),""))),"") -> England
L89: 0 | N89: 2
L90: =Language!$E$175 -> Penalty shoot-out:
L92: =VLOOKUP(K86,Matches!$B$103:$K$113,2,0) -> RU101 | N92: =VLOOKUP(K86,Matches!$B$103:$K$113,3,0) -> RU102
L93: =IF(AND(L89<>"",N89<>"",L89=N89,L91<>"",N91<>"",L91=N91),Language!$E$192,"")
L95: =VLOOKUP(K96,Matches!$B$103:$K$113,10,0) -> Final
K96: 104 | L96: =VLOOKUP(K96,Matches!$B$4:$K$113,7,0) -> New York/New Jersey | R96: =Language!$E$141 -> World Champion 2026:
L97: =VLOOKUP(K96,Matches!$B$4:$K$113,5,0) -> 46222.875
L98: =IF(AND(F81<>"",H81<>""),IF(F81>H81,F80,IF(F81<H81,H80,IF(AND(F83<>"",H83<>""),IF(F83>H83,F80,IF(F83<H83,H80,"")),""))),"") -> Spain | N98: =IF(AND(R81<>"",T81<>""),IF(R81>T81,R80,IF(R81<T81,T80,IF(AND(R83<>"",T83<>""),IF(R83>T83,R80,IF(R83<T83,T80,"")),""))),"") -> Portugal | R98: =IF(AND(L99<>"",N99<>""),IF(L99>N99,L98,IF(L99<N99,N98,IF(AND(L101<>"",N101<>""),IF(L101>N101,L98,IF(L101<N101,N98,"")),""))),"") -> Spain
L99: 2 | N99: 0
L100: =Language!$E$175 -> Penalty shoot-out:
L102: =VLOOKUP(K96,Matches!$B$103:$K$113,2,0) -> W101 | N102: =VLOOKUP(K96,Matches!$B$103:$K$113,3,0) -> W102
L103: =IF(AND(L99<>"",N99<>"",L99=N99,L101<>"",N101<>"",L101=N101),Language!$E$192,"")
B106: Hermann Baum | T106: https://hermann-baum.de/excel/WorldCup/de

Sheet DailySchedule
B1: =Language!$E$250 -> Daily schedule
M2: =Language!$E$261 -> Color favorites
B3: =Language!$E$260 -> Date | C3: =Language!$E$253 -> Time | D3: =Language!$E$254 -> Team 1 | E3: =Language!$E$255 -> Team 2 | F3: =Language!$E$251 -> Match No. | G3: =Language!$E$252 -> Teams | I3: =Language!$E$185 -> Venue | J3: =Language!$E$184 -> TV channel | M3: =Language!$E$262 -> Enter the group code here
B4: =INDEX(Matches!$B$4:$J$113,MATCH($F4,Matches!$B$4:$B$113,0),5) -> 46184.875 | C4: =INDEX(Matches!$B$4:$J$113,MATCH($F4,Matches!$B$4:$B$113,0),5) -> 46184.875 | D4: =INDEX(Matches!$B$4:$J$113,MATCH($F4,Matches!$B$4:$B$113,0),8) -> Mexico | E4: =INDEX(Matches!$B$4:$J$113,MATCH($F4,Matches!$B$4:$B$113,0),9) -> South Africa | F4: 1 | G4: =INDEX(Matches!$B$4:$J$113,MATCH($F4,Matches!$B$4:$B$113,0),2) -> A1 | H4: =INDEX(Matches!$B$4:$J$113,MATCH($F4,Matches!$B$4:$B$113,0),3) -> A2 | I4: =IFERROR(VLOOKUP($F4,Matches!$B$4:$H$113,7,0),"") -> Mexico City
B5: =INDEX(Matches!$B$4:$J$113,MATCH($F5,Matches!$B$4:$B$113,0),5) -> 46185.167 | C5: =INDEX(Matches!$B$4:$J$113,MATCH($F5,Matches!$B$4:$B$113,0),5) -> 46185.167 | D5: =INDEX(Matches!$B$4:$J$113,MATCH($F5,Matches!$B$4:$B$113,0),8) -> Rep. of Korea | E5: =INDEX(Matches!$B$4:$J$113,MATCH($F5,Matches!$B$4:$B$113,0),9) -> Czech Rep. | F5: 2 | G5: =INDEX(Matches!$B$4:$J$113,MATCH($F5,Matches!$B$4:$B$113,0),2) -> A3 | H5: =INDEX(Matches!$B$4:$J$113,MATCH($F5,Matches!$B$4:$B$113,0),3) -> A4 | I5: =IFERROR(VLOOKUP($F5,Matches!$B$4:$H$113,7,0),"") -> Guadalajara
M6: ¤
B7: =INDEX(Matches!$B$4:$J$113,MATCH($F7,Matches!$B$4:$B$113,0),5) -> 46185.875 | C7: =INDEX(Matches!$B$4:$J$113,MATCH($F7,Matches!$B$4:$B$113,0),5) -> 46185.875 | D7: =INDEX(Matches!$B$4:$J$113,MATCH($F7,Matches!$B$4:$B$113,0),8) -> Canada | E7: =INDEX(Matches!$B$4:$J$113,MATCH($F7,Matches!$B$4:$B$113,0),9) -> Bosnia/Herzeg. | F7: 3 | G7: =INDEX(Matches!$B$4:$J$113,MATCH($F7,Matches!$B$4:$B$113,0),2) -> B1 | H7: =INDEX(Matches!$B$4:$J$113,MATCH($F7,Matches!$B$4:$B$113,0),3) -> B2 | I7: =IFERROR(VLOOKUP($F7,Matches!$B$4:$H$113,7,0),"") -> Toronto | M7: L1 | N7: =IFERROR(VLOOKUP(M7,Groups!$B$7:$D$65,3,0),"") -> England
B8: =INDEX(Matches!$B$4:$J$113,MATCH($F8,Matches!$B$4:$B$113,0),5) -> 46186.125 | C8: =INDEX(Matches!$B$4:$J$113,MATCH($F8,Matches!$B$4:$B$113,0),5) -> 46186.125 | D8: =INDEX(Matches!$B$4:$J$113,MATCH($F8,Matches!$B$4:$B$113,0),8) -> USA | E8: =INDEX(Matches!$B$4:$J$113,MATCH($F8,Matches!$B$4:$B$113,0),9) -> Paraguay | F8: 4 | G8: =INDEX(Matches!$B$4:$J$113,MATCH($F8,Matches!$B$4:$B$113,0),2) -> D1 | H8: =INDEX(Matches!$B$4:$J$113,MATCH($F8,Matches!$B$4:$B$113,0),3) -> D2 | I8: =IFERROR(VLOOKUP($F8,Matches!$B$4:$H$113,7,0),"") -> Los Angeles | M8: D1 | N8: =IFERROR(VLOOKUP(M8,Groups!$B$7:$D$65,3,0),"") -> USA
M9: B1 | N9: =IFERROR(VLOOKUP(M9,Groups!$B$7:$D$65,3,0),"") -> Canada
B10: =INDEX(Matches!$B$4:$J$113,MATCH($F10,Matches!$B$4:$B$113,0),5) -> 46186.875 | C10: =INDEX(Matches!$B$4:$J$113,MATCH($F10,Matches!$B$4:$B$113,0),5) -> 46186.875 | D10: =INDEX(Matches!$B$4:$J$113,MATCH($F10,Matches!$B$4:$B$113,0),8) -> Qatar | E10: =INDEX(Matches!$B$4:$J$113,MATCH($F10,Matches!$B$4:$B$113,0),9) -> Switzerland | F10: 8 | G10: =INDEX(Matches!$B$4:$J$113,MATCH($F10,Matches!$B$4:$B$113,0),2) -> B3 | H10: =INDEX(Matches!$B$4:$J$113,MATCH($F10,Matches!$B$4:$B$113,0),3) -> B4 | I10: =IFERROR(VLOOKUP($F10,Matches!$B$4:$H$113,7,0),"") -> San Francisco Bay Area | M10: A1 | N10: =IFERROR(VLOOKUP(M10,Groups!$B$7:$D$65,3,0),"") -> Mexico
B11: =INDEX(Matches!$B$4:$J$113,MATCH($F11,Matches!$B$4:$B$113,0),5) -> 46187 | C11: =INDEX(Matches!$B$4:$J$113,MATCH($F11,Matches!$B$4:$B$113,0),5) -> 46187 | D11: =INDEX(Matches!$B$4:$J$113,MATCH($F11,Matches!$B$4:$B$113,0),8) -> Brazil | E11: =INDEX(Matches!$B$4:$J$113,MATCH($F11,Matches!$B$4:$B$113,0),9) -> Morocco | F11: 7 | G11: =INDEX(Matches!$B$4:$J$113,MATCH($F11,Matches!$B$4:$B$113,0),2) -> C1 | H11: =INDEX(Matches!$B$4:$J$113,MATCH($F11,Matches!$B$4:$B$113,0),3) -> C2 | I11: =IFERROR(VLOOKUP($F11,Matches!$B$4:$H$113,7,0),"") -> New York/New Jersey
B12: =INDEX(Matches!$B$4:$J$113,MATCH($F12,Matches!$B$4:$B$113,0),5) -> 46187.125 | C12: =INDEX(Matches!$B$4:$J$113,MATCH($F12,Matches!$B$4:$B$113,0),5) -> 46187.125 | D12: =INDEX(Matches!$B$4:$J$113,MATCH($F12,Matches!$B$4:$B$113,0),8) -> Haiti | E12: =INDEX(Matches!$B$4:$J$113,MATCH($F12,Matches!$B$4:$B$113,0),9) -> Scotland | F12: 5 | G12: =INDEX(Matches!$B$4:$J$113,MATCH($F12,Matches!$B$4:$B$113,0),2) -> C3 | H12: =INDEX(Matches!$B$4:$J$113,MATCH($F12,Matches!$B$4:$B$113,0),3) -> C4 | I12: =IFERROR(VLOOKUP($F12,Matches!$B$4:$H$113,7,0),"") -> Boston
B13: =INDEX(Matches!$B$4:$J$113,MATCH($F13,Matches!$B$4:$B$113,0),5) -> 46187.25 | C13: =INDEX(Matches!$B$4:$J$113,MATCH($F13,Matches!$B$4:$B$113,0),5) -> 46187.25 | D13: =INDEX(Matches!$B$4:$J$113,MATCH($F13,Matches!$B$4:$B$113,0),8) -> Australia | E13: =INDEX(Matches!$B$4:$J$113,MATCH($F13,Matches!$B$4:$B$113,0),9) -> Turkey | F13: 6 | G13: =INDEX(Matches!$B$4:$J$113,MATCH($F13,Matches!$B$4:$B$113,0),2) -> D3 | H13: =INDEX(Matches!$B$4:$J$113,MATCH($F13,Matches!$B$4:$B$113,0),3) -> D4 | I13: =IFERROR(VLOOKUP($F13,Matches!$B$4:$H$113,7,0),"") -> Vancouver
B15: =INDEX(Matches!$B$4:$J$113,MATCH($F15,Matches!$B$4:$B$113,0),5) -> 46187.792 | C15: =INDEX(Matches!$B$4:$J$113,MATCH($F15,Matches!$B$4:$B$113,0),5) -> 46187.792 | D15: =INDEX(Matches!$B$4:$J$113,MATCH($F15,Matches!$B$4:$B$113,0),8) -> Germany | E15: =INDEX(Matches!$B$4:$J$113,MATCH($F15,Matches!$B$4:$B$113,0),9) -> Curaçao | F15: 10 | G15: =INDEX(Matches!$B$4:$J$113,MATCH($F15,Matches!$B$4:$B$113,0),2) -> E1 | H15: =INDEX(Matches!$B$4:$J$113,MATCH($F15,Matches!$B$4:$B$113,0),3) -> E2 | I15: =IFERROR(VLOOKUP($F15,Matches!$B$4:$H$113,7,0),"") -> Houston
B16: =INDEX(Matches!$B$4:$J$113,MATCH($F16,Matches!$B$4:$B$113,0),5) -> 46187.917 | C16: =INDEX(Matches!$B$4:$J$113,MATCH($F16,Matches!$B$4:$B$113,0),5) -> 46187.917 | D16: =INDEX(Matches!$B$4:$J$113,MATCH($F16,Matches!$B$4:$B$113,0),8) -> Netherlands | E16: =INDEX(Matches!$B$4:$J$113,MATCH($F16,Matches!$B$4:$B$113,0),9) -> Japan | F16: 11 | G16: =INDEX(Matches!$B$4:$J$113,MATCH($F16,Matches!$B$4:$B$113,0),2) -> F1 | H16: =INDEX(Matches!$B$4:$J$113,MATCH($F16,Matches!$B$4:$B$113,0),3) -> F2 | I16: =IFERROR(VLOOKUP($F16,Matches!$B$4:$H$113,7,0),"") -> Dallas
B17: =INDEX(Matches!$B$4:$J$113,MATCH($F17,Matches!$B$4:$B$113,0),5) -> 46188.042 | C17: =INDEX(Matches!$B$4:$J$113,MATCH($F17,Matches!$B$4:$B$113,0),5) -> 46188.042 | D17: =INDEX(Matches!$B$4:$J$113,MATCH($F17,Matches!$B$4:$B$113,0),8) -> Ivory Coast | E17: =INDEX(Matches!$B$4:$J$113,MATCH($F17,Matches!$B$4:$B$113,0),9) -> Ecuador | F17: 9 | G17: =INDEX(Matches!$B$4:$J$113,MATCH($F17,Matches!$B$4:$B$113,0),2) -> E3 | H17: =INDEX(Matches!$B$4:$J$113,MATCH($F17,Matches!$B$4:$B$113,0),3) -> E4 | I17: =IFERROR(VLOOKUP($F17,Matches!$B$4:$H$113,7,0),"") -> Philadelphia
B18: =INDEX(Matches!$B$4:$J$113,MATCH($F18,Matches!$B$4:$B$113,0),5) -> 46188.167 | C18: =INDEX(Matches!$B$4:$J$113,MATCH($F18,Matches!$B$4:$B$113,0),5) -> 46188.167 | D18: =INDEX(Matches!$B$4:$J$113,MATCH($F18,Matches!$B$4:$B$113,0),8) -> Sweden | E18: =INDEX(Matches!$B$4:$J$113,MATCH($F18,Matches!$B$4:$B$113,0),9) -> Tunisia | F18: 12 | G18: =INDEX(Matches!$B$4:$J$113,MATCH($F18,Matches!$B$4:$B$113,0),2) -> F3 | H18: =INDEX(Matches!$B$4:$J$113,MATCH($F18,Matches!$B$4:$B$113,0),3) -> F4 | I18: =IFERROR(VLOOKUP($F18,Matches!$B$4:$H$113,7,0),"") -> Monterrey
B20: =INDEX(Matches!$B$4:$J$113,MATCH($F20,Matches!$B$4:$B$113,0),5) -> 46188.75 | C20: =INDEX(Matches!$B$4:$J$113,MATCH($F20,Matches!$B$4:$B$113,0),5) -> 46188.75 | D20: =INDEX(Matches!$B$4:$J$113,MATCH($F20,Matches!$B$4:$B$113,0),8) -> Spain | E20: =INDEX(Matches!$B$4:$J$113,MATCH($F20,Matches!$B$4:$B$113,0),9) -> Cape Verde | F20: 14 | G20: =INDEX(Matches!$B$4:$J$113,MATCH($F20,Matches!$B$4:$B$113,0),2) -> H1 | H20: =INDEX(Matches!$B$4:$J$113,MATCH($F20,Matches!$B$4:$B$113,0),3) -> H2 | I20: =IFERROR(VLOOKUP($F20,Matches!$B$4:$H$113,7,0),"") -> Atlanta
B21: =INDEX(Matches!$B$4:$J$113,MATCH($F21,Matches!$B$4:$B$113,0),5) -> 46188.875 | C21: =INDEX(Matches!$B$4:$J$113,MATCH($F21,Matches!$B$4:$B$113,0),5) -> 46188.875 | D21: =INDEX(Matches!$B$4:$J$113,MATCH($F21,Matches!$B$4:$B$113,0),8) -> Belgium | E21: =INDEX(Matches!$B$4:$J$113,MATCH($F21,Matches!$B$4:$B$113,0),9) -> Egypt | F21: 16 | G21: =INDEX(Matches!$B$4:$J$113,MATCH($F21,Matches!$B$4:$B$113,0),2) -> G1 | H21: =INDEX(Matches!$B$4:$J$113,MATCH($F21,Matches!$B$4:$B$113,0),3) -> G2 | I21: =IFERROR(VLOOKUP($F21,Matches!$B$4:$H$113,7,0),"") -> Seattle
B22: =INDEX(Matches!$B$4:$J$113,MATCH($F22,Matches!$B$4:$B$113,0),5) -> 46189 | C22: =INDEX(Matches!$B$4:$J$113,MATCH($F22,Matches!$B$4:$B$113,0),5) -> 46189 | D22: =INDEX(Matches!$B$4:$J$113,MATCH($F22,Matches!$B$4:$B$113,0),8) -> Saudi Arabia | E22: =INDEX(Matches!$B$4:$J$113,MATCH($F22,Matches!$B$4:$B$113,0),9) -> Uruguay | F22: 13 | G22: =INDEX(Matches!$B$4:$J$113,MATCH($F22,Matches!$B$4:$B$113,0),2) -> H3 | H22: =INDEX(Matches!$B$4:$J$113,MATCH($F22,Matches!$B$4:$B$113,0),3) -> H4 | I22: =IFERROR(VLOOKUP($F22,Matches!$B$4:$H$113,7,0),"") -> Miami
B23: =INDEX(Matches!$B$4:$J$113,MATCH($F23,Matches!$B$4:$B$113,0),5) -> 46189.125 | C23: =INDEX(Matches!$B$4:$J$113,MATCH($F23,Matches!$B$4:$B$113,0),5) -> 46189.125 | D23: =INDEX(Matches!$B$4:$J$113,MATCH($F23,Matches!$B$4:$B$113,0),8) -> IR Iran | E23: =INDEX(Matches!$B$4:$J$113,MATCH($F23,Matches!$B$4:$B$113,0),9) -> New Zealand | F23: 15 | G23: =INDEX(Matches!$B$4:$J$113,MATCH($F23,Matches!$B$4:$B$113,0),2) -> G3 | H23: =INDEX(Matches!$B$4:$J$113,MATCH($F23,Matches!$B$4:$B$113,0),3) -> G4 | I23: =IFERROR(VLOOKUP($F23,Matches!$B$4:$H$113,7,0),"") -> Los Angeles
B25: =INDEX(Matches!$B$4:$J$113,MATCH($F25,Matches!$B$4:$B$113,0),5) -> 46189.875 | C25: =INDEX(Matches!$B$4:$J$113,MATCH($F25,Matches!$B$4:$B$113,0),5) -> 46189.875 | D25: =INDEX(Matches!$B$4:$J$113,MATCH($F25,Matches!$B$4:$B$113,0),8) -> France | E25: =INDEX(Matches!$B$4:$J$113,MATCH($F25,Matches!$B$4:$B$113,0),9) -> Senegal | F25: 17 | G25: =INDEX(Matches!$B$4:$J$113,MATCH($F25,Matches!$B$4:$B$113,0),2) -> I1 | H25: =INDEX(Matches!$B$4:$J$113,MATCH($F25,Matches!$B$4:$B$113,0),3) -> I2 | I25: =IFERROR(VLOOKUP($F25,Matches!$B$4:$H$113,7,0),"") -> New York/New Jersey
... B91: =INDEX(Matches!$B$4:$J$113,MATCH($F91,Matches!$B$4:$B$113,0),5) -> 46201.167 | C91: =INDEX(Matches!$B$4:$J$113,MATCH($F91,Matches!$B$4:$B$113,0),5) -> 46201.167 | D91: =INDEX(Matches!$B$4:$J$113,MATCH($F91,Matches!$B$4:$B$113,0),8) -> Jordan | E91: =INDEX(Matches!$B$4:$J$113,MATCH($F91,Matches!$B$4:$B$113,0),9) -> Argentina | F91: 70 | G91: =INDEX(Matches!$B$4:$J$113,MATCH($F91,Matches!$B$4:$B$113,0),2) -> J4 | H91: =INDEX(Matches!$B$4:$J$113,MATCH($F91,Matches!$B$4:$B$113,0),3) -> J1 | I91: =IFERROR(VLOOKUP($F91,Matches!$B$4:$H$113,7,0),"") -> Dallas
B93: =Language!$E$256 -> Round of 32
B94: =INDEX(Matches!$B$4:$J$113,MATCH($F94,Matches!$B$4:$B$113,0),5) -> 46201.875 | C94: =INDEX(Matches!$B$4:$J$113,MATCH($F94,Matches!$B$4:$B$113,0),5) -> 46201.875 | D94: =INDEX(Matches!$B$4:$J$113,MATCH($F94,Matches!$B$4:$B$113,0),8) -> Rep. of Korea | E94: =INDEX(Matches!$B$4:$J$113,MATCH($F94,Matches!$B$4:$B$113,0),9) -> Canada | F94: 73 | G94: =INDEX(Matches!$B$4:$J$113,MATCH($F94,Matches!$B$4:$B$113,0),2) -> 2A | H94: =INDEX(Matches!$B$4:$J$113,MATCH($F94,Matches!$B$4:$B$113,0),3) -> 2B | I94: =IFERROR(VLOOKUP($F94,Matches!$B$4:$H$113,7,0),"") -> Los Angeles
B96: =INDEX(Matches!$B$4:$J$113,MATCH($F96,Matches!$B$4:$B$113,0),5) -> 46202.792 | C96: =INDEX(Matches!$B$4:$J$113,MATCH($F96,Matches!$B$4:$B$113,0),5) -> 46202.792 | D96: =INDEX(Matches!$B$4:$J$113,MATCH($F96,Matches!$B$4:$B$113,0),8) -> Brazil | E96: =INDEX(Matches!$B$4:$J$113,MATCH($F96,Matches!$B$4:$B$113,0),9) -> Sweden | F96: 76 | G96: =INDEX(Matches!$B$4:$J$113,MATCH($F96,Matches!$B$4:$B$113,0),2) -> 1C | H96: =INDEX(Matches!$B$4:$J$113,MATCH($F96,Matches!$B$4:$B$113,0),3) -> 2F | I96: =IFERROR(VLOOKUP($F96,Matches!$B$4:$H$113,7,0),"") -> Houston
B97: =INDEX(Matches!$B$4:$J$113,MATCH($F97,Matches!$B$4:$B$113,0),5) -> 46202.938 | C97: =INDEX(Matches!$B$4:$J$113,MATCH($F97,Matches!$B$4:$B$113,0),5) -> 46202.938 | D97: =INDEX(Matches!$B$4:$J$113,MATCH($F97,Matches!$B$4:$B$113,0),8) -> Germany | E97: =INDEX(Matches!$B$4:$J$113,MATCH($F97,Matches!$B$4:$B$113,0),9) -> Scotland | F97: 74 | G97: =INDEX(Matches!$B$4:$J$113,MATCH($F97,Matches!$B$4:$B$113,0),2) -> 1E | H97: =INDEX(Matches!$B$4:$J$113,MATCH($F97,Matches!$B$4:$B$113,0),3) -> 3-ABCDF | I97: =IFERROR(VLOOKUP($F97,Matches!$B$4:$H$113,7,0),"") -> Boston
B98: =INDEX(Matches!$B$4:$J$113,MATCH($F98,Matches!$B$4:$B$113,0),5) -> 46203.125 | C98: =INDEX(Matches!$B$4:$J$113,MATCH($F98,Matches!$B$4:$B$113,0),5) -> 46203.125 | D98: =INDEX(Matches!$B$4:$J$113,MATCH($F98,Matches!$B$4:$B$113,0),8) -> Netherlands | E98: =INDEX(Matches!$B$4:$J$113,MATCH($F98,Matches!$B$4:$B$113,0),9) -> Morocco | F98: 75 | G98: =INDEX(Matches!$B$4:$J$113,MATCH($F98,Matches!$B$4:$B$113,0),2) -> 1F | H98: =INDEX(Matches!$B$4:$J$113,MATCH($F98,Matches!$B$4:$B$113,0),3) -> 2C | I98: =IFERROR(VLOOKUP($F98,Matches!$B$4:$H$113,7,0),"") -> Monterrey
B100: =INDEX(Matches!$B$4:$J$113,MATCH($F100,Matches!$B$4:$B$113,0),5) -> 46203.792 | C100: =INDEX(Matches!$B$4:$J$113,MATCH($F100,Matches!$B$4:$B$113,0),5) -> 46203.792 | D100: =INDEX(Matches!$B$4:$J$113,MATCH($F100,Matches!$B$4:$B$113,0),8) -> Ecuador | E100: =INDEX(Matches!$B$4:$J$113,MATCH($F100,Matches!$B$4:$B$113,0),9) -> Norway | F100: 78 | G100: =INDEX(Matches!$B$4:$J$113,MATCH($F100,Matches!$B$4:$B$113,0),2) -> 2E | H100: =INDEX(Matches!$B$4:$J$113,MATCH($F100,Matches!$B$4:$B$113,0),3) -> 2I | I100: =IFERROR(VLOOKUP($F100,Matches!$B$4:$H$113,7,0),"") -> Dallas
B101: =INDEX(Matches!$B$4:$J$113,MATCH($F101,Matches!$B$4:$B$113,0),5) -> 46203.958 | C101: =INDEX(Matches!$B$4:$J$113,MATCH($F101,Matches!$B$4:$B$113,0),5) -> 46203.958 | D101: =INDEX(Matches!$B$4:$J$113,MATCH($F101,Matches!$B$4:$B$113,0),8) -> France | E101: =INDEX(Matches!$B$4:$J$113,MATCH($F101,Matches!$B$4:$B$113,0),9) -> Japan | F101: 77 | G101: =INDEX(Matches!$B$4:$J$113,MATCH($F101,Matches!$B$4:$B$113,0),2) -> 1I | H101: =INDEX(Matches!$B$4:$J$113,MATCH($F101,Matches!$B$4:$B$113,0),3) -> 3-CDFGH | I101: =IFERROR(VLOOKUP($F101,Matches!$B$4:$H$113,7,0),"") -> New York/New Jersey
B102: =INDEX(Matches!$B$4:$J$113,MATCH($F102,Matches!$B$4:$B$113,0),5) -> 46204.125 | C102: =INDEX(Matches!$B$4:$J$113,MATCH($F102,Matches!$B$4:$B$113,0),5) -> 46204.125 | D102: =INDEX(Matches!$B$4:$J$113,MATCH($F102,Matches!$B$4:$B$113,0),8) -> Mexico | E102: =INDEX(Matches!$B$4:$J$113,MATCH($F102,Matches!$B$4:$B$113,0),9) -> Ivory Coast | F102: 79 | G102: =INDEX(Matches!$B$4:$J$113,MATCH($F102,Matches!$B$4:$B$113,0),2) -> 1A | H102: =INDEX(Matches!$B$4:$J$113,MATCH($F102,Matches!$B$4:$B$113,0),3) -> 3-CEFHI | I102: =IFERROR(VLOOKUP($F102,Matches!$B$4:$H$113,7,0),"") -> Mexico City
B104: =INDEX(Matches!$B$4:$J$113,MATCH($F104,Matches!$B$4:$B$113,0),5) -> 46204.75 | C104: =INDEX(Matches!$B$4:$J$113,MATCH($F104,Matches!$B$4:$B$113,0),5) -> 46204.75 | D104: =INDEX(Matches!$B$4:$J$113,MATCH($F104,Matches!$B$4:$B$113,0),8) -> England | E104: =INDEX(Matches!$B$4:$J$113,MATCH($F104,Matches!$B$4:$B$113,0),9) -> Senegal | F104: 80 | G104: =INDEX(Matches!$B$4:$J$113,MATCH($F104,Matches!$B$4:$B$113,0),2) -> 1L | H104: =INDEX(Matches!$B$4:$J$113,MATCH($F104,Matches!$B$4:$B$113,0),3) -> 3-EHIJK | I104: =IFERROR(VLOOKUP($F104,Matches!$B$4:$H$113,7,0),"") -> Atlanta
B105: =INDEX(Matches!$B$4:$J$113,MATCH($F105,Matches!$B$4:$B$113,0),5) -> 46204.917 | C105: =INDEX(Matches!$B$4:$J$113,MATCH($F105,Matches!$B$4:$B$113,0),5) -> 46204.917 | D105: =INDEX(Matches!$B$4:$J$113,MATCH($F105,Matches!$B$4:$B$113,0),8) -> Belgium | E105: =INDEX(Matches!$B$4:$J$113,MATCH($F105,Matches!$B$4:$B$113,0),9) -> Czech Rep. | F105: 82 | G105: =INDEX(Matches!$B$4:$J$113,MATCH($F105,Matches!$B$4:$B$113,0),2) -> 1G | H105: =INDEX(Matches!$B$4:$J$113,MATCH($F105,Matches!$B$4:$B$113,0),3) -> 3-AEHIJ | I105: =IFERROR(VLOOKUP($F105,Matches!$B$4:$H$113,7,0),"") -> Seattle
B106: =INDEX(Matches!$B$4:$J$113,MATCH($F106,Matches!$B$4:$B$113,0),5) -> 46205.083 | C106: =INDEX(Matches!$B$4:$J$113,MATCH($F106,Matches!$B$4:$B$113,0),5) -> 46205.083 | D106: =INDEX(Matches!$B$4:$J$113,MATCH($F106,Matches!$B$4:$B$113,0),8) -> USA | E106: =INDEX(Matches!$B$4:$J$113,MATCH($F106,Matches!$B$4:$B$113,0),9) -> Algeria | F106: 81 | G106: =INDEX(Matches!$B$4:$J$113,MATCH($F106,Matches!$B$4:$B$113,0),2) -> 1D | H106: =INDEX(Matches!$B$4:$J$113,MATCH($F106,Matches!$B$4:$B$113,0),3) -> 3-BEFIJ | I106: =IFERROR(VLOOKUP($F106,Matches!$B$4:$H$113,7,0),"") -> San Francisco Bay Area
B108: =INDEX(Matches!$B$4:$J$113,MATCH($F108,Matches!$B$4:$B$113,0),5) -> 46205.875 | C108: =INDEX(Matches!$B$4:$J$113,MATCH($F108,Matches!$B$4:$B$113,0),5) -> 46205.875 | D108: =INDEX(Matches!$B$4:$J$113,MATCH($F108,Matches!$B$4:$B$113,0),8) -> Spain | E108: =INDEX(Matches!$B$4:$J$113,MATCH($F108,Matches!$B$4:$B$113,0),9) -> Austria | F108: 84 | G108: =INDEX(Matches!$B$4:$J$113,MATCH($F108,Matches!$B$4:$B$113,0),2) -> 1H | H108: =INDEX(Matches!$B$4:$J$113,MATCH($F108,Matches!$B$4:$B$113,0),3) -> 2J | I108: =IFERROR(VLOOKUP($F108,Matches!$B$4:$H$113,7,0),"") -> Los Angeles
B109: =INDEX(Matches!$B$4:$J$113,MATCH($F109,Matches!$B$4:$B$113,0),5) -> 46206.042 | C109: =INDEX(Matches!$B$4:$J$113,MATCH($F109,Matches!$B$4:$B$113,0),5) -> 46206.042 | D109: =INDEX(Matches!$B$4:$J$113,MATCH($F109,Matches!$B$4:$B$113,0),8) -> Colombia | E109: =INDEX(Matches!$B$4:$J$113,MATCH($F109,Matches!$B$4:$B$113,0),9) -> Croatia | F109: 83 | G109: =INDEX(Matches!$B$4:$J$113,MATCH($F109,Matches!$B$4:$B$113,0),2) -> 2K | H109: =INDEX(Matches!$B$4:$J$113,MATCH($F109,Matches!$B$4:$B$113,0),3) -> 2L | I109: =IFERROR(VLOOKUP($F109,Matches!$B$4:$H$113,7,0),"") -> Toronto
... B114: =INDEX(Matches!$B$4:$J$113,MATCH($F114,Matches!$B$4:$B$113,0),5) -> 46207.146 | C114: =INDEX(Matches!$B$4:$J$113,MATCH($F114,Matches!$B$4:$B$113,0),5) -> 46207.146 | D114: =INDEX(Matches!$B$4:$J$113,MATCH($F114,Matches!$B$4:$B$113,0),8) -> Portugal | E114: =INDEX(Matches!$B$4:$J$113,MATCH($F114,Matches!$B$4:$B$113,0),9) -> Ghana | F114: 87 | G114: =INDEX(Matches!$B$4:$J$113,MATCH($F114,Matches!$B$4:$B$113,0),2) -> 1K | H114: =INDEX(Matches!$B$4:$J$113,MATCH($F114,Matches!$B$4:$B$113,0),3) -> 3-DEIJL | I114: =IFERROR(VLOOKUP($F114,Matches!$B$4:$H$113,7,0),"") -> Kansas City
B116: =Language!$E$257 -> Round of 16
B117: =INDEX(Matches!$B$4:$J$113,MATCH($F117,Matches!$B$4:$B$113,0),5) -> 46207.792 | C117: =INDEX(Matches!$B$4:$J$113,MATCH($F117,Matches!$B$4:$B$113,0),5) -> 46207.792 | D117: ='World Cup'!$E$60 -> Canada | E117: ='World Cup'!$F$60 -> Netherlands | F117: 90 | G117: =INDEX(Matches!$B$4:$J$113,MATCH($F117,Matches!$B$4:$B$113,0),2) -> W73 | H117: =INDEX(Matches!$B$4:$J$113,MATCH($F117,Matches!$B$4:$B$113,0),3) -> W75 | I117: =IFERROR(VLOOKUP($F117,Matches!$B$4:$H$113,7,0),"") -> Houston
B118: =INDEX(Matches!$B$4:$J$113,MATCH($F118,Matches!$B$4:$B$113,0),5) -> 46207.958 | C118: =INDEX(Matches!$B$4:$J$113,MATCH($F118,Matches!$B$4:$B$113,0),5) -> 46207.958 | D118: ='World Cup'!$B$60 -> Germany | E118: ='World Cup'!$C$60 -> France | F118: 89 | G118: =INDEX(Matches!$B$4:$J$113,MATCH($F118,Matches!$B$4:$B$113,0),2) -> W74 | H118: =INDEX(Matches!$B$4:$J$113,MATCH($F118,Matches!$B$4:$B$113,0),3) -> W77 | I118: =IFERROR(VLOOKUP($F118,Matches!$B$4:$H$113,7,0),"") -> Philadelphia
B120: =INDEX(Matches!$B$4:$J$113,MATCH($F120,Matches!$B$4:$B$113,0),5) -> 46208.917 | C120: =INDEX(Matches!$B$4:$J$113,MATCH($F120,Matches!$B$4:$B$113,0),5) -> 46208.917 | D120: ='World Cup'!$N$60 -> Brazil | E120: ='World Cup'!$O$60 -> Norway | F120: 91 | G120: =INDEX(Matches!$B$4:$J$113,MATCH($F120,Matches!$B$4:$B$113,0),2) -> W76 | H120: =INDEX(Matches!$B$4:$J$113,MATCH($F120,Matches!$B$4:$B$113,0),3) -> W78 | I120: =IFERROR(VLOOKUP($F120,Matches!$B$4:$H$113,7,0),"") -> New York/New Jersey
B121: =INDEX(Matches!$B$4:$J$113,MATCH($F121,Matches!$B$4:$B$113,0),5) -> 46209.083 | C121: =INDEX(Matches!$B$4:$J$113,MATCH($F121,Matches!$B$4:$B$113,0),5) -> 46209.083 | D121: ='World Cup'!$Q$60 -> Mexico | E121: ='World Cup'!$R$60 -> England | F121: 92 | G121: =INDEX(Matches!$B$4:$J$113,MATCH($F121,Matches!$B$4:$B$113,0),2) -> W79 | H121: =INDEX(Matches!$B$4:$J$113,MATCH($F121,Matches!$B$4:$B$113,0),3) -> W80 | I121: =IFERROR(VLOOKUP($F121,Matches!$B$4:$H$113,7,0),"") -> Mexico City
B123: =INDEX(Matches!$B$4:$J$113,MATCH($F123,Matches!$B$4:$B$113,0),5) -> 46209.875 | C123: =INDEX(Matches!$B$4:$J$113,MATCH($F123,Matches!$B$4:$B$113,0),5) -> 46209.875 | D123: ='World Cup'!$H$60 -> Croatia | E123: ='World Cup'!$I$60 -> Spain | F123: 93 | G123: =INDEX(Matches!$B$4:$J$113,MATCH($F123,Matches!$B$4:$B$113,0),2) -> W83 | H123: =INDEX(Matches!$B$4:$J$113,MATCH($F123,Matches!$B$4:$B$113,0),3) -> W84 | I123: =IFERROR(VLOOKUP($F123,Matches!$B$4:$H$113,7,0),"") -> Dallas
B124: =INDEX(Matches!$B$4:$J$113,MATCH($F124,Matches!$B$4:$B$113,0),5) -> 46210.083 | C124: =INDEX(Matches!$B$4:$J$113,MATCH($F124,Matches!$B$4:$B$113,0),5) -> 46210.083 | D124: ='World Cup'!$K$60 -> USA | E124: ='World Cup'!$L$60 -> Belgium | F124: 94 | G124: =INDEX(Matches!$B$4:$J$113,MATCH($F124,Matches!$B$4:$B$113,0),2) -> W81 | H124: =INDEX(Matches!$B$4:$J$113,MATCH($F124,Matches!$B$4:$B$113,0),3) -> W82 | I124: =IFERROR(VLOOKUP($F124,Matches!$B$4:$H$113,7,0),"") -> Seattle
B126: =INDEX(Matches!$B$4:$J$113,MATCH($F126,Matches!$B$4:$B$113,0),5) -> 46210.75 | C126: =INDEX(Matches!$B$4:$J$113,MATCH($F126,Matches!$B$4:$B$113,0),5) -> 46210.75 | D126: ='World Cup'!$T$60 -> Argentina | E126: ='World Cup'!$U$60 -> Turkey | F126: 95 | G126: =INDEX(Matches!$B$4:$J$113,MATCH($F126,Matches!$B$4:$B$113,0),2) -> W86 | H126: =INDEX(Matches!$B$4:$J$113,MATCH($F126,Matches!$B$4:$B$113,0),3) -> W88 | I126: =IFERROR(VLOOKUP($F126,Matches!$B$4:$H$113,7,0),"") -> Atlanta
B127: =INDEX(Matches!$B$4:$J$113,MATCH($F127,Matches!$B$4:$B$113,0),5) -> 46210.917 | C127: =INDEX(Matches!$B$4:$J$113,MATCH($F127,Matches!$B$4:$B$113,0),5) -> 46210.917 | D127: ='World Cup'!$W$60 -> Switzerland | E127: ='World Cup'!$X$60 -> Portugal | F127: 96 | G127: =INDEX(Matches!$B$4:$J$113,MATCH($F127,Matches!$B$4:$B$113,0),2) -> W85 | H127: =INDEX(Matches!$B$4:$J$113,MATCH($F127,Matches!$B$4:$B$113,0),3) -> W87 | I127: =IFERROR(VLOOKUP($F127,Matches!$B$4:$H$113,7,0),"") -> Vancouver
B129: =Language!$E$258 -> Quarter final
B130: =INDEX(Matches!$B$4:$J$113,MATCH($F130,Matches!$B$4:$B$113,0),5) -> 46212.917 | C130: =INDEX(Matches!$B$4:$J$113,MATCH($F130,Matches!$B$4:$B$113,0),5) -> 46212.917 | D130: ='World Cup'!$C$70 -> France | E130: ='World Cup'!$E$70 -> Netherlands | F130: 97 | G130: =INDEX(Matches!$B$4:$J$113,MATCH($F130,Matches!$B$4:$B$113,0),2) -> W89 | H130: =INDEX(Matches!$B$4:$J$113,MATCH($F130,Matches!$B$4:$B$113,0),3) -> W90 | I130: =IFERROR(VLOOKUP($F130,Matches!$B$4:$H$113,7,0),"") -> Boston
B132: =INDEX(Matches!$B$4:$J$113,MATCH($F132,Matches!$B$4:$B$113,0),5) -> 46213.875 | C132: =INDEX(Matches!$B$4:$J$113,MATCH($F132,Matches!$B$4:$B$113,0),5) -> 46213.875 | D132: ='World Cup'!$I$70 -> Spain | E132: ='World Cup'!$K$70 -> Belgium | F132: 98 | G132: =INDEX(Matches!$B$4:$J$113,MATCH($F132,Matches!$B$4:$B$113,0),2) -> W93 | H132: =INDEX(Matches!$B$4:$J$113,MATCH($F132,Matches!$B$4:$B$113,0),3) -> W94 | I132: =IFERROR(VLOOKUP($F132,Matches!$B$4:$H$113,7,0),"") -> Los Angeles
B134: =INDEX(Matches!$B$4:$J$113,MATCH($F134,Matches!$B$4:$B$113,0),5) -> 46214.958 | C134: =INDEX(Matches!$B$4:$J$113,MATCH($F134,Matches!$B$4:$B$113,0),5) -> 46214.958 | D134: ='World Cup'!$O$70 -> Brazil | E134: ='World Cup'!$Q$70 -> England | F134: 99 | G134: =INDEX(Matches!$B$4:$J$113,MATCH($F134,Matches!$B$4:$B$113,0),2) -> W91 | H134: =INDEX(Matches!$B$4:$J$113,MATCH($F134,Matches!$B$4:$B$113,0),3) -> W92 | I134: =IFERROR(VLOOKUP($F134,Matches!$B$4:$H$113,7,0),"") -> Miami
B135: =INDEX(Matches!$B$4:$J$113,MATCH($F135,Matches!$B$4:$B$113,0),5) -> 46215.125 | C135: =INDEX(Matches!$B$4:$J$113,MATCH($F135,Matches!$B$4:$B$113,0),5) -> 46215.125 | D135: ='World Cup'!$U$70 -> Argentina | E135: ='World Cup'!$W$70 -> Portugal | F135: 100 | G135: =INDEX(Matches!$B$4:$J$113,MATCH($F135,Matches!$B$4:$B$113,0),2) -> W95 | H135: =INDEX(Matches!$B$4:$J$113,MATCH($F135,Matches!$B$4:$B$113,0),3) -> W96 | I135: =IFERROR(VLOOKUP($F135,Matches!$B$4:$H$113,7,0),"") -> Kansas City
B137: =Language!$E$259 -> Semi-Final
B138: =INDEX(Matches!$B$4:$J$113,MATCH($F138,Matches!$B$4:$B$113,0),5) -> 46217.875 | C138: =INDEX(Matches!$B$4:$J$113,MATCH($F138,Matches!$B$4:$B$113,0),5) -> 46217.875 | D138: ='World Cup'!$F$80 -> France | E138: ='World Cup'!$H$80 -> Spain | F138: 101 | G138: =INDEX(Matches!$B$4:$J$113,MATCH($F138,Matches!$B$4:$B$113,0),2) -> W97 | H138: =INDEX(Matches!$B$4:$J$113,MATCH($F138,Matches!$B$4:$B$113,0),3) -> W98 | I138: =IFERROR(VLOOKUP($F138,Matches!$B$4:$H$113,7,0),"") -> Dallas
B140: =INDEX(Matches!$B$4:$J$113,MATCH($F140,Matches!$B$4:$B$113,0),5) -> 46218.875 | C140: =INDEX(Matches!$B$4:$J$113,MATCH($F140,Matches!$B$4:$B$113,0),5) -> 46218.875 | D140: ='World Cup'!$R$80 -> England | E140: ='World Cup'!$T$80 -> Portugal | F140: 102 | G140: =INDEX(Matches!$B$4:$J$113,MATCH($F140,Matches!$B$4:$B$113,0),2) -> W99 | H140: =INDEX(Matches!$B$4:$J$113,MATCH($F140,Matches!$B$4:$B$113,0),3) -> W100 | I140: =IFERROR(VLOOKUP($F140,Matches!$B$4:$H$113,7,0),"") -> Atlanta
B142: =Language!$E$172 -> Third place
B143: =INDEX(Matches!$B$4:$J$113,MATCH($F143,Matches!$B$4:$B$113,0),5) -> 46221.958 | C143: =INDEX(Matches!$B$4:$J$113,MATCH($F143,Matches!$B$4:$B$113,0),5) -> 46221.958 | D143: ='World Cup'!$L$88 -> France | E143: ='World Cup'!$N$88 -> England | F143: 103 | G143: =INDEX(Matches!$B$4:$J$113,MATCH($F143,Matches!$B$4:$B$113,0),2) -> RU101 | H143: =INDEX(Matches!$B$4:$J$113,MATCH($F143,Matches!$B$4:$B$113,0),3) -> RU102 | I143: =IFERROR(VLOOKUP($F143,Matches!$B$4:$H$113,7,0),"") -> Miami
B145: =Language!$E$173 -> Final
B146: =INDEX(Matches!$B$4:$J$113,MATCH($F146,Matches!$B$4:$B$113,0),5) -> 46222.875 | C146: =INDEX(Matches!$B$4:$J$113,MATCH($F146,Matches!$B$4:$B$113,0),5) -> 46222.875 | D146: ='World Cup'!$L$98 -> Spain | E146: ='World Cup'!$N$98 -> Portugal | F146: 104 | G146: =INDEX(Matches!$B$4:$J$113,MATCH($F146,Matches!$B$4:$B$113,0),2) -> W101 | H146: =INDEX(Matches!$B$4:$J$113,MATCH($F146,Matches!$B$4:$B$113,0),3) -> W102 | I146: =IFERROR(VLOOKUP($F146,Matches!$B$4:$H$113,7,0),"") -> New York/New Jersey

Sheet FairPlay
B2: =Language!$E$123 -> Fair play
B3: =Language!$E$193 -> Here, the penalty points for the fair play rating can be entered.
A5: A | B5: =Language!$E$130&" "&A5 -> Group A | C5: =Language!$E$174 -> Rating | D5: E | E5: =Language!$E$130&" "&D5 -> Group E | F5: =Language!$E$174 -> Rating | G5: I | H5: =Language!$E$130&" "&G5 -> Group I | I5: =Language!$E$174 -> Rating
B6: =VLOOKUP(A5&"1",Groups!$B$7:$D$65,3,0) -> Mexico | C6: 0 | E6: =VLOOKUP(D5&"1",Groups!$B$7:$D$65,3,0) -> Germany | F6: 0 | H6: =VLOOKUP(G5&"1",Groups!$B$7:$D$65,3,0) -> France | I6: 0
B7: =VLOOKUP(A5&"2",Groups!$B$7:$D$65,3,0) -> South Africa | C7: 0 | E7: =VLOOKUP(D5&"2",Groups!$B$7:$D$65,3,0) -> Curaçao | F7: 0 | H7: =VLOOKUP(G5&"2",Groups!$B$7:$D$65,3,0) -> Senegal | I7: 0
B8: =VLOOKUP(A5&"3",Groups!$B$7:$D$65,3,0) -> Rep. of Korea | C8: 0 | E8: =VLOOKUP(D5&"3",Groups!$B$7:$D$65,3,0) -> Ivory Coast | F8: 0 | H8: =VLOOKUP(G5&"3",Groups!$B$7:$D$65,3,0) -> Iraq | I8: 0
B9: =VLOOKUP(A5&"4",Groups!$B$7:$D$65,3,0) -> Czech Rep. | C9: 0 | E9: =VLOOKUP(D5&"4",Groups!$B$7:$D$65,3,0) -> Ecuador | F9: 0 | H9: =VLOOKUP(G5&"4",Groups!$B$7:$D$65,3,0) -> Norway | I9: 0
A11: B | B11: =Language!$E$130&" "&A11 -> Group B | C11: =Language!$E$174 -> Rating | D11: F | E11: =Language!$E$130&" "&D11 -> Group F | F11: =Language!$E$174 -> Rating | G11: J | H11: =Language!$E$130&" "&G11 -> Group J | I11: =Language!$E$174 -> Rating
B12: =VLOOKUP(A11&"1",Groups!$B$7:$D$65,3,0) -> Canada | C12: 0 | E12: =VLOOKUP(D11&"1",Groups!$B$7:$D$65,3,0) -> Netherlands | F12: 0 | H12: =VLOOKUP(G11&"1",Groups!$B$7:$D$65,3,0) -> Argentina | I12: 0
B13: =VLOOKUP(A11&"2",Groups!$B$7:$D$65,3,0) -> Bosnia/Herzeg. | C13: 0 | E13: =VLOOKUP(D11&"2",Groups!$B$7:$D$65,3,0) -> Japan | F13: 0 | H13: =VLOOKUP(G11&"2",Groups!$B$7:$D$65,3,0) -> Algeria | I13: 0
B14: =VLOOKUP(A11&"3",Groups!$B$7:$D$65,3,0) -> Qatar | C14: 0 | E14: =VLOOKUP(D11&"3",Groups!$B$7:$D$65,3,0) -> Sweden | F14: 0 | H14: =VLOOKUP(G11&"3",Groups!$B$7:$D$65,3,0) -> Austria | I14: 0
B15: =VLOOKUP(A11&"4",Groups!$B$7:$D$65,3,0) -> Switzerland | C15: 0 | E15: =VLOOKUP(D11&"4",Groups!$B$7:$D$65,3,0) -> Tunisia | F15: 0 | H15: =VLOOKUP(G11&"4",Groups!$B$7:$D$65,3,0) -> Jordan | I15: 0
A17: C | B17: =Language!$E$130&" "&A17 -> Group C | C17: =Language!$E$174 -> Rating | D17: G | E17: =Language!$E$130&" "&D17 -> Group G | F17: =Language!$E$174 -> Rating | G17: K | H17: =Language!$E$130&" "&G17 -> Group K | I17: =Language!$E$174 -> Rating
B18: =VLOOKUP(A17&"1",Groups!$B$7:$D$65,3,0) -> Brazil | C18: 0 | E18: =VLOOKUP(D17&"1",Groups!$B$7:$D$65,3,0) -> Belgium | F18: 0 | H18: =VLOOKUP(G17&"1",Groups!$B$7:$D$65,3,0) -> Portugal | I18: 0
B19: =VLOOKUP(A17&"2",Groups!$B$7:$D$65,3,0) -> Morocco | C19: 0 | E19: =VLOOKUP(D17&"2",Groups!$B$7:$D$65,3,0) -> Egypt | F19: 0 | H19: =VLOOKUP(G17&"2",Groups!$B$7:$D$65,3,0) -> DR Congo | I19: 0
B20: =VLOOKUP(A17&"3",Groups!$B$7:$D$65,3,0) -> Haiti | C20: 0 | E20: =VLOOKUP(D17&"3",Groups!$B$7:$D$65,3,0) -> IR Iran | F20: 0 | H20: =VLOOKUP(G17&"3",Groups!$B$7:$D$65,3,0) -> Uzbekistan | I20: 0
B21: =VLOOKUP(A17&"4",Groups!$B$7:$D$65,3,0) -> Scotland | C21: 0 | E21: =VLOOKUP(D17&"4",Groups!$B$7:$D$65,3,0) -> New Zealand | F21: 0 | H21: =VLOOKUP(G17&"4",Groups!$B$7:$D$65,3,0) -> Colombia | I21: 0
A23: D | B23: =Language!$E$130&" "&A23 -> Group D | C23: =Language!$E$174 -> Rating | D23: H | E23: =Language!$E$130&" "&D23 -> Group H | F23: =Language!$E$174 -> Rating | G23: L | H23: =Language!$E$130&" "&G23 -> Group L | I23: =Language!$E$174 -> Rating
B24: =VLOOKUP(A23&"1",Groups!$B$7:$D$65,3,0) -> USA | C24: 0 | E24: =VLOOKUP(D23&"1",Groups!$B$7:$D$65,3,0) -> Spain | F24: 0 | H24: =VLOOKUP(G23&"1",Groups!$B$7:$D$65,3,0) -> England | I24: 0
B25: =VLOOKUP(A23&"2",Groups!$B$7:$D$65,3,0) -> Paraguay | C25: 0 | E25: =VLOOKUP(D23&"2",Groups!$B$7:$D$65,3,0) -> Cape Verde | F25: 0 | H25: =VLOOKUP(G23&"2",Groups!$B$7:$D$65,3,0) -> Croatia | I25: 0
B26: =VLOOKUP(A23&"3",Groups!$B$7:$D$65,3,0) -> Australia | C26: 0 | E26: =VLOOKUP(D23&"3",Groups!$B$7:$D$65,3,0) -> Saudi Arabia | F26: 0 | H26: =VLOOKUP(G23&"3",Groups!$B$7:$D$65,3,0) -> Ghana | I26: 0
B27: =VLOOKUP(A23&"4",Groups!$B$7:$D$65,3,0) -> Turkey | C27: 0 | E27: =VLOOKUP(D23&"4",Groups!$B$7:$D$65,3,0) -> Uruguay | F27: 0 | H27: =VLOOKUP(G23&"4",Groups!$B$7:$D$65,3,0) -> Panama | I27: 0

Sheet HeadToHeadComp
D1: =Language!$E$122 -> Direct comparisons
D3: =Language!$E$140 -> Overall table | O3: =Language!$E$137 -> head-to-head record 1 | Z3: =Language!$E$138 -> head-to-head record 2 | AK3: =Language!$E$139 -> head-to-head record 3
D4: 7 | Z4: =IF(COUNTBLANK(CalcA!$BN$14:$BN$17)<4,Language!$E$136,"") | AK4: =IF(COUNTBLANK(CalcA!$BZ$14:$BZ$17)<4,Language!$E$136,"")
B5: A | E5: =Language!$E$131 -> Pts. | F5: =Language!$E$132 -> GD | G5: =Language!$E$133 -> Goals | J5: {=LEFT(CalcA!$H$21:$K$21,$D$4)} -> Mexico | K5: Rep. of | L5: Czech R | M5: South A | P5: =Language!$E$131 -> Pts. | Q5: =Language!$E$132 -> GD | R5: =Language!$E$133 -> Goals | U5: {=LEFT(CalcA!$BE$13:$BH$13,$D$4)} | V5: Rep. of | W5: Czech R | AA5: =Language!$E$131 -> Pts. | AB5: =Language!$E$132 -> GD | AC5: =Language!$E$133 -> Goals | AF5: {=IF(COUNTBLANK(CalcA!$AZ$22:$AZ$25)<4,LEFT(CalcA!$BE$21:$BH$21,$D$4),LEFT(CalcA!$BS$13:$BV$13,$D$4))} | AL5: =Language!$E$131 -> Pts. | AM5: =Language!$E$132 -> GD | AN5: =Language!$E$133 -> Goals | AQ5: {=LEFT(CalcA!$CE$13:$CH$13,$D$4)} | AV5: =Language!$E$123 -> Fair play | AW5: =Language!$E$186 -> FIFA Rank
B6: {=IF(CalcA!$M$22:$M$25,"•","")} | D6: {=CalcA!$D$22:$D$25} -> Mexico | E6: {=CalcA!$E$22:$E$25} -> 9 | F6: =G6-I6 -> 4 | G6: {=CalcA!$F$22:$F$25} -> 6 | H6: =Language!$E$197 -> - | I6: {=CalcA!$G$22:$G$25} -> 2 | J6: {=CalcA!$H$22:$K$25} | K6: 2 - 1 | L6: 2 - 1 | M6: 2 - 0 | O6: {=CalcA!$AZ$14:$AZ$17} | P6: {=CalcA!$BA$14:$BA$17} | Q6: {=CalcA!$BB$14:$BB$17} | R6: {=CalcA!$BC$14:$BC$17} | S6: =Language!$E$197 -> - | T6: =IF(O6="","",R6-Q6) | U6: {=CalcA!$BE$14:$BH$17} | Z6: {=IF(COUNTBLANK(CalcA!$AZ$22:$AZ$25)<4,CalcA!$AZ$22:$AZ$25,CalcA!$BN$14:$BN$17)} | AA6: {=IF(COUNTBLANK(CalcA!$AZ$22:$AZ$25)<4,CalcA!$BA$22:$BA$25,CalcA!$BO$14:$BO$17)} | AB6: {=IF(COUNTBLANK(CalcA!$AZ$22:$AZ$25)<4,CalcA!$BB$22:$BB$25,CalcA!$BP$14:$BP$17)} | AC6: {=IF(COUNTBLANK(CalcA!$AZ$22:$AZ$25)<4,CalcA!$BC$22:$BC$25,CalcA!$BQ$14:$BQ$17)} | AD6: =Language!$E$197 -> - | AE6: =IF(Z6="","",AC6-AB6) | AF6: {=IF(COUNTBLANK(CalcA!$AZ$22:$AZ$25)<4,CalcA!$BE$22:$BH$25,CalcA!$BS$14:$BV$17)} | AK6: {=CalcA!$BZ$14:$BZ$17} | AL6: {=CalcA!$CA$14:$CA$17} | AM6: {=CalcA!$CB$14:$CB$17} | AN6: {=CalcA!$CC$14:$CC$17} | AO6: =Language!$E$197 -> - | AP6: =IF(AK6="","",AN6-AM6) | AQ6: {=CalcA!$CE$14:$CH$17} | AV6: {=VLOOKUP($D$6:$D$9,CalcA!$D$5:$P$8,13,0)} -> 0 | AW6: {=VLOOKUP($D$6:$D$9,CalcA!$D$5:$Q$8,14,0)} -> 15
B7: • | D7: Rep. of Korea | E7: 4 | F7: =G7-I7 -> 1 | G7: 4 | H7: =Language!$E$197 -> - | I7: 3 | J7: 1 - 2 | L7: 1 - 1 | M7: 2 - 0 | O7: Rep. of Korea | P7: 1 | Q7: 0 | R7: 1 | S7: =Language!$E$197 -> - | T7: =IF(O7="","",R7-Q7) -> 1 | W7: 1 - 1 | AD7: =Language!$E$197 -> - | AE7: =IF(Z7="","",AC7-AB7) | AO7: =Language!$E$197 -> - | AP7: =IF(AK7="","",AN7-AM7) | AV7: 0 | AW7: 25
B8: • | D8: Czech Rep. | E8: 4 | F8: =G8-I8 -> 1 | G8: 4 | H8: =Language!$E$197 -> - | I8: 3 | J8: 1 - 2 | K8: 1 - 1 | M8: 2 - 0 | O8: Czech Rep. | P8: 1 | Q8: 0 | R8: 1 | S8: =Language!$E$197 -> - | T8: =IF(O8="","",R8-Q8) -> 1 | V8: 1 - 1 | AD8: =Language!$E$197 -> - | AE8: =IF(Z8="","",AC8-AB8) | AO8: =Language!$E$197 -> - | AP8: =IF(AK8="","",AN8-AM8) | AV8: 0 | AW8: 41
D9: South Africa | E9: 0 | F9: =G9-I9 -> -6 | G9: 0 | H9: =Language!$E$197 -> - | I9: 6 | J9: 0 - 2 | K9: 0 - 2 | L9: 0 - 2 | S9: =Language!$E$197 -> - | T9: =IF(O9="","",R9-Q9) | AD9: =Language!$E$197 -> - | AE9: =IF(Z9="","",AC9-AB9) | AO9: =Language!$E$197 -> - | AP9: =IF(AK9="","",AN9-AM9) | AV9: 0 | AW9: 60
Z12: =IF(COUNTBLANK(CalcB!$BN$14:$BN$17)<4,Language!$E$136,"") | AK12: =IF(COUNTBLANK(CalcB!$BZ$14:$BZ$17)<4,Language!$E$136,"")
B13: B | E13: =Language!$E$131 -> Pts. | F13: =Language!$E$132 -> GD | G13: =Language!$E$133 -> Goals | J13: {=LEFT(CalcB!$H$21:$K$21,$D$4)} -> Switzer | K13: Canada | L13: Bosnia/ | M13: Qatar | P13: =Language!$E$131 -> Pts. | Q13: =Language!$E$132 -> GD | R13: =Language!$E$133 -> Goals | U13: {=LEFT(CalcB!$BE$13:$BH$13,$D$4)} -> Switzer | V13: Canada | AA13: =Language!$E$131 -> Pts. | AB13: =Language!$E$132 -> GD | AC13: =Language!$E$133 -> Goals | AF13: {=IF(COUNTBLANK(CalcB!$AZ$22:$AZ$25)<4,LEFT(CalcB!$BE$21:$BH$21,$D$4),LEFT(CalcB!$BS$13:$BV$13,$D$4))} | AL13: =Language!$E$131 -> Pts. | AM13: =Language!$E$132 -> GD | AN13: =Language!$E$133 -> Goals | AQ13: {=LEFT(CalcB!$CE$13:$CH$13,$D$4)} | AV13: =Language!$E$123 -> Fair play | AW13: =Language!$E$186 -> FIFA Rank
B14: {=IF(CalcB!$M$22:$M$25,"•","")} | D14: {=CalcB!$D$22:$D$25} -> Switzerland | E14: {=CalcB!$E$22:$E$25} -> 7 | F14: =G14-I14 -> 4 | G14: {=CalcB!$F$22:$F$25} -> 5 | H14: =Language!$E$197 -> - | I14: {=CalcB!$G$22:$G$25} -> 1 | J14: {=CalcB!$H$22:$K$25} | K14: 1 - 1 | L14: 2 - 0 | M14: 2 - 0 | O14: {=CalcB!$AZ$14:$AZ$17} -> Switzerland | P14: {=CalcB!$BA$14:$BA$17} -> 1 | Q14: {=CalcB!$BB$14:$BB$17} -> 0 | R14: {=CalcB!$BC$14:$BC$17} -> 1 | S14: =Language!$E$197 -> - | T14: =IF(O14="","",R14-Q14) -> 1 | U14: {=CalcB!$BE$14:$BH$17} | V14: 1 - 1 | Z14: {=IF(COUNTBLANK(CalcB!$AZ$22:$AZ$25)<4,CalcB!$AZ$22:$AZ$25,CalcB!$BN$14:$BN$17)} | AA14: {=IF(COUNTBLANK(CalcB!$AZ$22:$AZ$25)<4,CalcB!$BA$22:$BA$25,CalcB!$BO$14:$BO$17)} | AB14: {=IF(COUNTBLANK(CalcB!$AZ$22:$AZ$25)<4,CalcB!$BB$22:$BB$25,CalcB!$BP$14:$BP$17)} | AC14: {=IF(COUNTBLANK(CalcB!$AZ$22:$AZ$25)<4,CalcB!$BC$22:$BC$25,CalcB!$BQ$14:$BQ$17)} | AD14: =Language!$E$197 -> - | AE14: =IF(Z14="","",AC14-AB14) | AF14: {=IF(COUNTBLANK(CalcB!$AZ$22:$AZ$25)<4,CalcB!$BE$22:$BH$25,CalcB!$BS$14:$BV$17)} | AK14: {=CalcB!$BZ$14:$BZ$17} | AL14: {=CalcB!$CA$14:$CA$17} | AM14: {=CalcB!$CB$14:$CB$17} | AN14: {=CalcB!$CC$14:$CC$17} | AO14: =Language!$E$197 -> - | AP14: =IF(AK14="","",AN14-AM14) | AQ14: {=CalcB!$CE$14:$CH$17} | AV14: {=VLOOKUP($D14:$D17,CalcB!$D$5:$P$8,13,0)} -> 0 | AW14: {=VLOOKUP($D14:$D17,CalcB!$D$5:$Q$8,14,0)} -> 19
D15: Canada | E15: 7 | F15: =G15-I15 -> 3 | G15: 5 | H15: =Language!$E$197 -> - | I15: 2 | J15: 1 - 1 | L15: 2 - 1 | M15: 2 - 0 | O15: Canada | P15: 1 | Q15: 0 | R15: 1 | S15: =Language!$E$197 -> - | T15: =IF(O15="","",R15-Q15) -> 1 | U15: 1 - 1 | AD15: =Language!$E$197 -> - | AE15: =IF(Z15="","",AC15-AB15) | AO15: =Language!$E$197 -> - | AP15: =IF(AK15="","",AN15-AM15) | AV15: 0 | AW15: 30
D16: Bosnia/Herzeg. | E16: 3 | F16: =G16-I16 -> -2 | G16: 2 | H16: =Language!$E$197 -> - | I16: 4 | J16: 0 - 2 | K16: 1 - 2 | M16: 1 - 0 | S16: =Language!$E$197 -> - | T16: =IF(O16="","",R16-Q16) | AD16: =Language!$E$197 -> - | AE16: =IF(Z16="","",AC16-AB16) | AO16: =Language!$E$197 -> - | AP16: =IF(AK16="","",AN16-AM16) | AV16: 0 | AW16: 65
D17: Qatar | E17: 0 | F17: =G17-I17 -> -5 | G17: 0 | H17: =Language!$E$197 -> - | I17: 5 | J17: 0 - 2 | K17: 0 - 2 | L17: 0 - 1 | S17: =Language!$E$197 -> - | T17: =IF(O17="","",R17-Q17) | AD17: =Language!$E$197 -> - | AE17: =IF(Z17="","",AC17-AB17) | AO17: =Language!$E$197 -> - | AP17: =IF(AK17="","",AN17-AM17) | AV17: 0 | AW17: 55
Z20: =IF(COUNTBLANK(CalcC!$BN$14:$BN$17)<4,Language!$E$136,"") | AK20: =IF(COUNTBLANK(CalcC!$BZ$14:$BZ$17)<4,Language!$E$136,"")
B21: C | E21: =Language!$E$131 -> Pts. | F21: =Language!$E$132 -> GD | G21: =Language!$E$133 -> Goals | J21: {=LEFT(CalcC!$H$21:$K$21,$D$4)} -> Brazil | K21: Morocco | L21: Scotlan | M21: Haiti | P21: =Language!$E$131 -> Pts. | Q21: =Language!$E$132 -> GD | R21: =Language!$E$133 -> Goals | U21: {=LEFT(CalcC!$BE$13:$BH$13,$D$4)} | V21: Morocco | W21: Scotlan | AA21: =Language!$E$131 -> Pts. | AB21: =Language!$E$132 -> GD | AC21: =Language!$E$133 -> Goals | AF21: {=IF(COUNTBLANK(CalcC!$AZ$22:$AZ$25)<4,LEFT(CalcC!$BE$21:$BH$21,$D$4),LEFT(CalcC!$BS$13:$BV$13,$D$4))} | AL21: =Language!$E$131 -> Pts. | AM21: =Language!$E$132 -> GD | AN21: =Language!$E$133 -> Goals | AQ21: {=LEFT(CalcC!$CE$13:$CH$13,$D$4)} | AV21: =Language!$E$123 -> Fair play | AW21: =Language!$E$186 -> FIFA Rank
B22: {=IF(CalcC!$M$22:$M$25,"•","")} | D22: {=CalcC!$D$22:$D$25} -> Brazil | E22: {=CalcC!$E$22:$E$25} -> 9 | F22: =G22-I22 -> 5 | G22: {=CalcC!$F$22:$F$25} -> 7 | H22: =Language!$E$197 -> - | I22: {=CalcC!$G$22:$G$25} -> 2 | J22: {=CalcC!$H$22:$K$25} | K22: 2 - 1 | L22: 2 - 1 | M22: 3 - 0 | O22: {=CalcC!$AZ$14:$AZ$17} | P22: {=CalcC!$BA$14:$BA$17} | Q22: {=CalcC!$BB$14:$BB$17} | R22: {=CalcC!$BC$14:$BC$17} | S22: =Language!$E$197 -> - | T22: =IF(O22="","",R22-Q22) | U22: {=CalcC!$BE$14:$BH$17} | Z22: {=IF(COUNTBLANK(CalcC!$AZ$22:$AZ$25)<4,CalcC!$AZ$22:$AZ$25,CalcC!$BN$14:$BN$17)} | AA22: {=IF(COUNTBLANK(CalcC!$AZ$22:$AZ$25)<4,CalcC!$BA$22:$BA$25,CalcC!$BO$14:$BO$17)} | AB22: {=IF(COUNTBLANK(CalcC!$AZ$22:$AZ$25)<4,CalcC!$BB$22:$BB$25,CalcC!$BP$14:$BP$17)} | AC22: {=IF(COUNTBLANK(CalcC!$AZ$22:$AZ$25)<4,CalcC!$BC$22:$BC$25,CalcC!$BQ$14:$BQ$17)} | AD22: =Language!$E$197 -> - | AE22: =IF(Z22="","",AC22-AB22) | AF22: {=IF(COUNTBLANK(CalcC!$AZ$22:$AZ$25)<4,CalcC!$BE$22:$BH$25,CalcC!$BS$14:$BV$17)} | AK22: {=CalcC!$BZ$14:$BZ$17} | AL22: {=CalcC!$CA$14:$CA$17} | AM22: {=CalcC!$CB$14:$CB$17} | AN22: {=CalcC!$CC$14:$CC$17} | AO22: =Language!$E$197 -> - | AP22: =IF(AK22="","",AN22-AM22) | AQ22: {=CalcC!$CE$14:$CH$17} | AV22: {=VLOOKUP($D22:$D25,CalcC!$D$5:$P$8,13,0)} -> 0 | AW22: {=VLOOKUP($D22:$D25,CalcC!$D$5:$Q$8,14,0)} -> 6
B23: • | D23: Morocco | E23: 4 | F23: =G23-I23 -> 1 | G23: 4 | H23: =Language!$E$197 -> - | I23: 3 | J23: 1 - 2 | L23: 1 - 1 | M23: 2 - 0 | O23: Morocco | P23: 1 | Q23: 0 | R23: 1 | S23: =Language!$E$197 -> - | T23: =IF(O23="","",R23-Q23) -> 1 | W23: 1 - 1 | AD23: =Language!$E$197 -> - | AE23: =IF(Z23="","",AC23-AB23) | AO23: =Language!$E$197 -> - | AP23: =IF(AK23="","",AN23-AM23) | AV23: 0 | AW23: 8
B24: • | D24: Scotland | E24: 4 | F24: =G24-I24 -> 1 | G24: 4 | H24: =Language!$E$197 -> - | I24: 3 | J24: 1 - 2 | K24: 1 - 1 | M24: 2 - 0 | O24: Scotland | P24: 1 | Q24: 0 | R24: 1 | S24: =Language!$E$197 -> - | T24: =IF(O24="","",R24-Q24) -> 1 | V24: 1 - 1 | AD24: =Language!$E$197 -> - | AE24: =IF(Z24="","",AC24-AB24) | AO24: =Language!$E$197 -> - | AP24: =IF(AK24="","",AN24-AM24) | AV24: 0 | AW24: 43
D25: Haiti | E25: 0 | F25: =G25-I25 -> -7 | G25: 0 | H25: =Language!$E$197 -> - | I25: 7 | J25: 0 - 3 | K25: 0 - 2 | L25: 0 - 2 | S25: =Language!$E$197 -> - | T25: =IF(O25="","",R25-Q25) | AD25: =Language!$E$197 -> - | AE25: =IF(Z25="","",AC25-AB25) | AO25: =Language!$E$197 -> - | AP25: =IF(AK25="","",AN25-AM25) | AV25: 0 | AW25: 83
Z28: =IF(COUNTBLANK(CalcD!$BN$14:$BN$17)<4,Language!$E$136,"") | AK28: =IF(COUNTBLANK(CalcD!$BZ$14:$BZ$17)<4,Language!$E$136,"")
B29: D | E29: =Language!$E$131 -> Pts. | F29: =Language!$E$132 -> GD | G29: =Language!$E$133 -> Goals | J29: {=LEFT(CalcD!$H$21:$K$21,$D$4)} -> USA | K29: Turkey | L29: Paragua | M29: Austral | P29: =Language!$E$131 -> Pts. | Q29: =Language!$E$132 -> GD | R29: =Language!$E$133 -> Goals | U29: {=LEFT(CalcD!$BE$13:$BH$13,$D$4)} | AA29: =Language!$E$131 -> Pts. | AB29: =Language!$E$132 -> GD | AC29: =Language!$E$133 -> Goals | AF29: {=IF(COUNTBLANK(CalcD!$AZ$22:$AZ$25)<4,LEFT(CalcD!$BE$21:$BH$21,$D$4),LEFT(CalcD!$BS$13:$BV$13,$D$4))} | AL29: =Language!$E$131 -> Pts. | AM29: =Language!$E$132 -> GD | AN29: =Language!$E$133 -> Goals | AQ29: {=LEFT(CalcD!$CE$13:$CH$13,$D$4)} | AV29: =Language!$E$123 -> Fair play | AW29: =Language!$E$186 -> FIFA Rank
B30: {=IF(CalcD!$M$22:$M$25,"•","")} | D30: {=CalcD!$D$22:$D$25} -> USA | E30: {=CalcD!$E$22:$E$25} -> 7 | F30: =G30-I30 -> 3 | G30: {=CalcD!$F$22:$F$25} -> 5 | H30: =Language!$E$197 -> - | I30: {=CalcD!$G$22:$G$25} -> 2 | J30: {=CalcD!$H$22:$K$25} | K30: 1 - 1 | L30: 2 - 0 | M30: 2 - 1 | O30: {=CalcD!$AZ$14:$AZ$17} | P30: {=CalcD!$BA$14:$BA$17} | Q30: {=CalcD!$BB$14:$BB$17} | R30: {=CalcD!$BC$14:$BC$17} | S30: =Language!$E$197 -> - | T30: =IF(O30="","",R30-Q30) | U30: {=CalcD!$BE$14:$BH$17} | Z30: {=IF(COUNTBLANK(CalcD!$AZ$22:$AZ$25)<4,CalcD!$AZ$22:$AZ$25,CalcD!$BN$14:$BN$17)} | AA30: {=IF(COUNTBLANK(CalcD!$AZ$22:$AZ$25)<4,CalcD!$BA$22:$BA$25,CalcD!$BO$14:$BO$17)} | AB30: {=IF(COUNTBLANK(CalcD!$AZ$22:$AZ$25)<4,CalcD!$BB$22:$BB$25,CalcD!$BP$14:$BP$17)} | AC30: {=IF(COUNTBLANK(CalcD!$AZ$22:$AZ$25)<4,CalcD!$BC$22:$BC$25,CalcD!$BQ$14:$BQ$17)} | AD30: =Language!$E$197 -> - | AE30: =IF(Z30="","",AC30-AB30) | AF30: {=IF(COUNTBLANK(CalcD!$AZ$22:$AZ$25)<4,CalcD!$BE$22:$BH$25,CalcD!$BS$14:$BV$17)} | AK30: {=CalcD!$BZ$14:$BZ$17} | AL30: {=CalcD!$CA$14:$CA$17} | AM30: {=CalcD!$CB$14:$CB$17} | AN30: {=CalcD!$CC$14:$CC$17} | AO30: =Language!$E$197 -> - | AP30: =IF(AK30="","",AN30-AM30) | AQ30: {=CalcD!$CE$14:$CH$17} | AV30: {=VLOOKUP($D30:$D33,CalcD!$D$5:$P$8,13,0)} -> 0 | AW30: {=VLOOKUP($D30:$D33,CalcD!$D$5:$Q$8,14,0)} -> 16
D31: Turkey | E31: 5 | F31: =G31-I31 -> 1 | G31: 4 | H31: =Language!$E$197 -> - | I31: 3 | J31: 1 - 1 | L31: 1 - 1 | M31: 2 - 1 | S31: =Language!$E$197 -> - | T31: =IF(O31="","",R31-Q31) | AD31: =Language!$E$197 -> - | AE31: =IF(Z31="","",AC31-AB31) | AO31: =Language!$E$197 -> - | AP31: =IF(AK31="","",AN31-AM31) | AV31: 0 | AW31: 22
D32: Paraguay | E32: 2 | F32: =G32-I32 -> -2 | G32: 2 | H32: =Language!$E$197 -> - | I32: 4 | J32: 0 - 2 | K32: 1 - 1 | M32: 1 - 1 | S32: =Language!$E$197 -> - | T32: =IF(O32="","",R32-Q32) | AD32: =Language!$E$197 -> - | AE32: =IF(Z32="","",AC32-AB32) | AO32: =Language!$E$197 -> - | AP32: =IF(AK32="","",AN32-AM32) | AV32: 0 | AW32: 40
D33: Australia | E33: 1 | F33: =G33-I33 -> -2 | G33: 3 | H33: =Language!$E$197 -> - | I33: 5 | J33: 1 - 2 | K33: 1 - 2 | L33: 1 - 1 | S33: =Language!$E$197 -> - | T33: =IF(O33="","",R33-Q33) | AD33: =Language!$E$197 -> - | AE33: =IF(Z33="","",AC33-AB33) | AO33: =Language!$E$197 -> - | AP33: =IF(AK33="","",AN33-AM33) | AV33: 0 | AW33: 27
Z36: =IF(COUNTBLANK(CalcE!$BN$14:$BN$17)<4,Language!$E$136,"") | AK36: =IF(COUNTBLANK(CalcE!$BZ$14:$BZ$17)<4,Language!$E$136,"")
B37: E | E37: =Language!$E$131 -> Pts. | F37: =Language!$E$132 -> GD | G37: =Language!$E$133 -> Goals | J37: {=LEFT(CalcE!$H$21:$K$21,$D$4)} -> Germany | K37: Ecuador | L37: Ivory C | M37: Curaçao | P37: =Language!$E$131 -> Pts. | Q37: =Language!$E$132 -> GD | R37: =Language!$E$133 -> Goals | U37: {=LEFT(CalcE!$BE$13:$BH$13,$D$4)} | V37: Ecuador | W37: Ivory C | AA37: =Language!$E$131 -> Pts. | AB37: =Language!$E$132 -> GD | AC37: =Language!$E$133 -> Goals | AF37: {=IF(COUNTBLANK(CalcE!$AZ$22:$AZ$25)<4,LEFT(CalcE!$BE$21:$BH$21,$D$4),LEFT(CalcE!$BS$13:$BV$13,$D$4))} | AL37: =Language!$E$131 -> Pts. | AM37: =Language!$E$132 -> GD | AN37: =Language!$E$133 -> Goals | AQ37: {=LEFT(CalcE!$CE$13:$CH$13,$D$4)} | AV37: =Language!$E$123 -> Fair play | AW37: =Language!$E$186 -> FIFA Rank
B38: {=IF(CalcE!$M$22:$M$25,"•","")} | D38: {=CalcE!$D$22:$D$25} -> Germany | E38: {=CalcE!$E$22:$E$25} -> 9 | F38: =G38-I38 -> 5 | G38: {=CalcE!$F$22:$F$25} -> 7 | H38: =Language!$E$197 -> - | I38: {=CalcE!$G$22:$G$25} -> 2 | J38: {=CalcE!$H$22:$K$25} | K38: 2 - 1 | L38: 2 - 1 | M38: 3 - 0 | O38: {=CalcE!$AZ$14:$AZ$17} | P38: {=CalcE!$BA$14:$BA$17} | Q38: {=CalcE!$BB$14:$BB$17} | R38: {=CalcE!$BC$14:$BC$17} | S38: =Language!$E$197 -> - | T38: =IF(O38="","",R38-Q38) | U38: {=CalcE!$BE$14:$BH$17} | Z38: {=IF(COUNTBLANK(CalcE!$AZ$22:$AZ$25)<4,CalcE!$AZ$22:$AZ$25,CalcE!$BN$14:$BN$17)} | AA38: {=IF(COUNTBLANK(CalcE!$AZ$22:$AZ$25)<4,CalcE!$BA$22:$BA$25,CalcE!$BO$14:$BO$17)} | AB38: {=IF(COUNTBLANK(CalcE!$AZ$22:$AZ$25)<4,CalcE!$BB$22:$BB$25,CalcE!$BP$14:$BP$17)} | AC38: {=IF(COUNTBLANK(CalcE!$AZ$22:$AZ$25)<4,CalcE!$BC$22:$BC$25,CalcE!$BQ$14:$BQ$17)} | AD38: =Language!$E$197 -> - | AE38: =IF(Z38="","",AC38-AB38) | AF38: {=IF(COUNTBLANK(CalcE!$AZ$22:$AZ$25)<4,CalcE!$BE$22:$BH$25,CalcE!$BS$14:$BV$17)} | AK38: {=CalcE!$BZ$14:$BZ$17} | AL38: {=CalcE!$CA$14:$CA$17} | AM38: {=CalcE!$CB$14:$CB$17} | AN38: {=CalcE!$CC$14:$CC$17} | AO38: =Language!$E$197 -> - | AP38: =IF(AK38="","",AN38-AM38) | AQ38: {=CalcE!$CE$14:$CH$17} | AV38: {=VLOOKUP($D38:$D41,CalcE!$D$5:$P$8,13,0)} -> 0 | AW38: {=VLOOKUP($D38:$D41,CalcE!$D$5:$Q$8,14,0)} -> 10
B39: • | D39: Ecuador | E39: 4 | F39: =G39-I39 -> 1 | G39: 4 | H39: =Language!$E$197 -> - | I39: 3 | J39: 1 - 2 | L39: 1 - 1 | M39: 2 - 0 | O39: Ecuador | P39: 1 | Q39: 0 | R39: 1 | S39: =Language!$E$197 -> - | T39: =IF(O39="","",R39-Q39) -> 1 | W39: 1 - 1 | AD39: =Language!$E$197 -> - | AE39: =IF(Z39="","",AC39-AB39) | AO39: =Language!$E$197 -> - | AP39: =IF(AK39="","",AN39-AM39) | AV39: 0 | AW39: 23
B40: • | D40: Ivory Coast | E40: 4 | F40: =G40-I40 -> 1 | G40: 4 | H40: =Language!$E$197 -> - | I40: 3 | J40: 1 - 2 | K40: 1 - 1 | M40: 2 - 0 | O40: Ivory Coast | P40: 1 | Q40: 0 | R40: 1 | S40: =Language!$E$197 -> - | T40: =IF(O40="","",R40-Q40) -> 1 | V40: 1 - 1 | AD40: =Language!$E$197 -> - | AE40: =IF(Z40="","",AC40-AB40) | AO40: =Language!$E$197 -> - | AP40: =IF(AK40="","",AN40-AM40) | AV40: 0 | AW40: 34
D41: Curaçao | E41: 0 | F41: =G41-I41 -> -7 | G41: 0 | H41: =Language!$E$197 -> - | I41: 7 | J41: 0 - 3 | K41: 0 - 2 | L41: 0 - 2 | S41: =Language!$E$197 -> - | T41: =IF(O41="","",R41-Q41) | AD41: =Language!$E$197 -> - | AE41: =IF(Z41="","",AC41-AB41) | AO41: =Language!$E$197 -> - | AP41: =IF(AK41="","",AN41-AM41) | AV41: 0 | AW41: 82
Z44: =IF(COUNTBLANK(CalcF!$BN$14:$BN$17)<4,Language!$E$136,"") | AK44: =IF(COUNTBLANK(CalcF!$BZ$14:$BZ$17)<4,Language!$E$136,"")
B45: F | E45: =Language!$E$131 -> Pts. | F45: =Language!$E$132 -> GD | G45: =Language!$E$133 -> Goals | J45: {=LEFT(CalcF!$H$21:$K$21,$D$4)} -> Netherl | K45: Sweden | L45: Japan | M45: Tunisia | P45: =Language!$E$131 -> Pts. | Q45: =Language!$E$132 -> GD | R45: =Language!$E$133 -> Goals | U45: {=LEFT(CalcF!$BE$13:$BH$13,$D$4)} | V45: Sweden | W45: Japan | AA45: =Language!$E$131 -> Pts. | AB45: =Language!$E$132 -> GD | AC45: =Language!$E$133 -> Goals | AF45: {=IF(COUNTBLANK(CalcF!$AZ$22:$AZ$25)<4,LEFT(CalcF!$BE$21:$BH$21,$D$4),LEFT(CalcF!$BS$13:$BV$13,$D$4))} | AL45: =Language!$E$131 -> Pts. | AM45: =Language!$E$132 -> GD | AN45: =Language!$E$133 -> Goals | AQ45: {=LEFT(CalcF!$CE$13:$CH$13,$D$4)} | AV45: =Language!$E$123 -> Fair play | AW45: =Language!$E$186 -> FIFA Rank
B46: {=IF(CalcF!$M$22:$M$25,"•","")} | D46: {=CalcF!$D$22:$D$25} -> Netherlands | E46: {=CalcF!$E$22:$E$25} -> 9 | F46: =G46-I46 -> 4 | G46: {=CalcF!$F$22:$F$25} -> 6 | H46: =Language!$E$197 -> - | I46: {=CalcF!$G$22:$G$25} -> 2 | J46: {=CalcF!$H$22:$K$25} | K46: 2 - 1 | L46: 2 - 1 | M46: 2 - 0 | O46: {=CalcF!$AZ$14:$AZ$17} | P46: {=CalcF!$BA$14:$BA$17} | Q46: {=CalcF!$BB$14:$BB$17} | R46: {=CalcF!$BC$14:$BC$17} | S46: =Language!$E$197 -> - | T46: =IF(O46="","",R46-Q46) | U46: {=CalcF!$BE$14:$BH$17} | Z46: {=IF(COUNTBLANK(CalcF!$AZ$22:$AZ$25)<4,CalcF!$AZ$22:$AZ$25,CalcF!$BN$14:$BN$17)} | AA46: {=IF(COUNTBLANK(CalcF!$AZ$22:$AZ$25)<4,CalcF!$BA$22:$BA$25,CalcF!$BO$14:$BO$17)} | AB46: {=IF(COUNTBLANK(CalcF!$AZ$22:$AZ$25)<4,CalcF!$BB$22:$BB$25,CalcF!$BP$14:$BP$17)} | AC46: {=IF(COUNTBLANK(CalcF!$AZ$22:$AZ$25)<4,CalcF!$BC$22:$BC$25,CalcF!$BQ$14:$BQ$17)} | AD46: =Language!$E$197 -> - | AE46: =IF(Z46="","",AC46-AB46) | AF46: {=IF(COUNTBLANK(CalcF!$AZ$22:$AZ$25)<4,CalcF!$BE$22:$BH$25,CalcF!$BS$14:$BV$17)} | AK46: {=CalcF!$BZ$14:$BZ$17} | AL46: {=CalcF!$CA$14:$CA$17} | AM46: {=CalcF!$CB$14:$CB$17} | AN46: {=CalcF!$CC$14:$CC$17} | AO46: =Language!$E$197 -> - | AP46: =IF(AK46="","",AN46-AM46) | AQ46: {=CalcF!$CE$14:$CH$17} | AV46: {=VLOOKUP($D46:$D49,CalcF!$D$5:$P$8,13,0)} -> 0 | AW46: {=VLOOKUP($D46:$D49,CalcF!$D$5:$Q$8,14,0)} -> 7
D47: Sweden | E47: 4 | F47: =G47-I47 -> 1 | G47: 4 | H47: =Language!$E$197 -> - | I47: 3 | J47: 1 - 2 | L47: 1 - 1 | M47: 2 - 0 | O47: Sweden | P47: 1 | Q47: 0 | R47: 1 | S47: =Language!$E$197 -> - | T47: =IF(O47="","",R47-Q47) -> 1 | W47: 1 - 1 | AD47: =Language!$E$197 -> - | AE47: =IF(Z47="","",AC47-AB47) | AO47: =Language!$E$197 -> - | AP47: =IF(AK47="","",AN47-AM47) | AV47: 0 | AW47: 38
D48: Japan | E48: 4 | F48: =G48-I48 -> 0 | G48: 3 | H48: =Language!$E$197 -> - | I48: 3 | J48: 1 - 2 | K48: 1 - 1 | M48: 1 - 0 | O48: Japan | P48: 1 | Q48: 0 | R48: 1 | S48: =Language!$E$197 -> - | T48: =IF(O48="","",R48-Q48) -> 1 | V48: 1 - 1 | AD48: =Language!$E$197 -> - | AE48: =IF(Z48="","",AC48-AB48) | AO48: =Language!$E$197 -> - | AP48: =IF(AK48="","",AN48-AM48) | AV48: 0 | AW48: 18
D49: Tunisia | E49: 0 | F49: =G49-I49 -> -5 | G49: 0 | H49: =Language!$E$197 -> - | I49: 5 | J49: 0 - 2 | K49: 0 - 2 | L49: 0 - 1 | S49: =Language!$E$197 -> - | T49: =IF(O49="","",R49-Q49) | AD49: =Language!$E$197 -> - | AE49: =IF(Z49="","",AC49-AB49) | AO49: =Language!$E$197 -> - | AP49: =IF(AK49="","",AN49-AM49) | AV49: 0 | AW49: 44
Z52: =IF(COUNTBLANK(CalcG!$BN$14:$BN$17)<4,Language!$E$136,"") | AK52: =IF(COUNTBLANK(CalcG!$BZ$14:$BZ$17)<4,Language!$E$136,"")
B53: G | E53: =Language!$E$131 -> Pts. | F53: =Language!$E$132 -> GD | G53: =Language!$E$133 -> Goals | J53: {=LEFT(CalcG!$H$21:$K$21,$D$4)} -> Belgium | K53: IR Iran | L53: Egypt | M53: New Zea | P53: =Language!$E$131 -> Pts. | Q53: =Language!$E$132 -> GD | R53: =Language!$E$133 -> Goals | U53: {=LEFT(CalcG!$BE$13:$BH$13,$D$4)} | AA53: =Language!$E$131 -> Pts. | AB53: =Language!$E$132 -> GD | AC53: =Language!$E$133 -> Goals | AF53: {=IF(COUNTBLANK(CalcG!$AZ$22:$AZ$25)<4,LEFT(CalcG!$BE$21:$BH$21,$D$4),LEFT(CalcG!$BS$13:$BV$13,$D$4))} | AL53: =Language!$E$131 -> Pts. | AM53: =Language!$E$132 -> GD | AN53: =Language!$E$133 -> Goals | AQ53: {=LEFT(CalcG!$CE$13:$CH$13,$D$4)} | AV53: =Language!$E$123 -> Fair play | AW53: =Language!$E$186 -> FIFA Rank
B54: {=IF(CalcG!$M$22:$M$25,"•","")} | D54: {=CalcG!$D$22:$D$25} -> Belgium | E54: {=CalcG!$E$22:$E$25} -> 7 | F54: =G54-I54 -> 4 | G54: {=CalcG!$F$22:$F$25} -> 6 | H54: =Language!$E$197 -> - | I54: {=CalcG!$G$22:$G$25} -> 2 | J54: {=CalcG!$H$22:$K$25} | K54: 1 - 1 | L54: 2 - 1 | M54: 3 - 0 | O54: {=CalcG!$AZ$14:$AZ$17} | P54: {=CalcG!$BA$14:$BA$17} | Q54: {=CalcG!$BB$14:$BB$17} | R54: {=CalcG!$BC$14:$BC$17} | S54: =Language!$E$197 -> - | T54: =IF(O54="","",R54-Q54) | U54: {=CalcG!$BE$14:$BH$17} | Z54: {=IF(COUNTBLANK(CalcG!$AZ$22:$AZ$25)<4,CalcG!$AZ$22:$AZ$25,CalcG!$BN$14:$BN$17)} | AA54: {=IF(COUNTBLANK(CalcG!$AZ$22:$AZ$25)<4,CalcG!$BA$22:$BA$25,CalcG!$BO$14:$BO$17)} | AB54: {=IF(COUNTBLANK(CalcG!$AZ$22:$AZ$25)<4,CalcG!$BB$22:$BB$25,CalcG!$BP$14:$BP$17)} | AC54: {=IF(COUNTBLANK(CalcG!$AZ$22:$AZ$25)<4,CalcG!$BC$22:$BC$25,CalcG!$BQ$14:$BQ$17)} | AD54: =Language!$E$197 -> - | AE54: =IF(Z54="","",AC54-AB54) | AF54: {=IF(COUNTBLANK(CalcG!$AZ$22:$AZ$25)<4,CalcG!$BE$22:$BH$25,CalcG!$BS$14:$BV$17)} | AK54: {=CalcG!$BZ$14:$BZ$17} | AL54: {=CalcG!$CA$14:$CA$17} | AM54: {=CalcG!$CB$14:$CB$17} | AN54: {=CalcG!$CC$14:$CC$17} | AO54: =Language!$E$197 -> - | AP54: =IF(AK54="","",AN54-AM54) | AQ54: {=CalcG!$CE$14:$CH$17} | AV54: {=VLOOKUP($D54:$D57,CalcG!$D$5:$P$8,13,0)} -> 0 | AW54: {=VLOOKUP($D54:$D57,CalcG!$D$5:$Q$8,14,0)} -> 9
D55: IR Iran | E55: 5 | F55: =G55-I55 -> 1 | G55: 3 | H55: =Language!$E$197 -> - | I55: 2 | J55: 1 - 1 | L55: 1 - 1 | M55: 1 - 0 | S55: =Language!$E$197 -> - | T55: =IF(O55="","",R55-Q55) | AD55: =Language!$E$197 -> - | AE55: =IF(Z55="","",AC55-AB55) | AO55: =Language!$E$197 -> - | AP55: =IF(AK55="","",AN55-AM55) | AV55: 0 | AW55: 21
D56: Egypt | E56: 4 | F56: =G56-I56 -> 1 | G56: 4 | H56: =Language!$E$197 -> - | I56: 3 | J56: 1 - 2 | K56: 1 - 1 | M56: 2 - 0 | S56: =Language!$E$197 -> - | T56: =IF(O56="","",R56-Q56) | AD56: =Language!$E$197 -> - | AE56: =IF(Z56="","",AC56-AB56) | AO56: =Language!$E$197 -> - | AP56: =IF(AK56="","",AN56-AM56) | AV56: 0 | AW56: 29
D57: New Zealand | E57: 0 | F57: =G57-I57 -> -6 | G57: 0 | H57: =Language!$E$197 -> - | I57: 6 | J57: 0 - 3 | K57: 0 - 1 | L57: 0 - 2 | S57: =Language!$E$197 -> - | T57: =IF(O57="","",R57-Q57) | AD57: =Language!$E$197 -> - | AE57: =IF(Z57="","",AC57-AB57) | AO57: =Language!$E$197 -> - | AP57: =IF(AK57="","",AN57-AM57) | AV57: 0 | AW57: 85
Z60: =IF(COUNTBLANK(CalcH!$BN$14:$BN$17)<4,Language!$E$136,"") | AK60: =IF(COUNTBLANK(CalcH!$BZ$14:$BZ$17)<4,Language!$E$136,"")
B61: H | E61: =Language!$E$131 -> Pts. | F61: =Language!$E$132 -> GD | G61: =Language!$E$133 -> Goals | J61: {=LEFT(CalcH!$H$21:$K$21,$D$4)} -> Spain | K61: Uruguay | L61: Saudi A | M61: Cape Ve | P61: =Language!$E$131 -> Pts. | Q61: =Language!$E$132 -> GD | R61: =Language!$E$133 -> Goals | U61: {=LEFT(CalcH!$BE$13:$BH$13,$D$4)} | W61: Saudi A | X61: Cape Ve | AA61: =Language!$E$131 -> Pts. | AB61: =Language!$E$132 -> GD | AC61: =Language!$E$133 -> Goals | AF61: {=IF(COUNTBLANK(CalcH!$AZ$22:$AZ$25)<4,LEFT(CalcH!$BE$21:$BH$21,$D$4),LEFT(CalcH!$BS$13:$BV$13,$D$4))} | AL61: =Language!$E$131 -> Pts. | AM61: =Language!$E$132 -> GD | AN61: =Language!$E$133 -> Goals | AQ61: {=LEFT(CalcH!$CE$13:$CH$13,$D$4)} | AV61: =Language!$E$123 -> Fair play | AW61: =Language!$E$186 -> FIFA Rank
B62: {=IF(CalcH!$M$22:$M$25,"•","")} | D62: {=CalcH!$D$22:$D$25} -> Spain | E62: {=CalcH!$E$22:$E$25} -> 9 | F62: =G62-I62 -> 7 | G62: {=CalcH!$F$22:$F$25} -> 8 | H62: =Language!$E$197 -> - | I62: {=CalcH!$G$22:$G$25} -> 1 | J62: {=CalcH!$H$22:$K$25} | K62: 2 - 1 | L62: 3 - 0 | M62: 3 - 0 | O62: {=CalcH!$AZ$14:$AZ$17} | P62: {=CalcH!$BA$14:$BA$17} | Q62: {=CalcH!$BB$14:$BB$17} | R62: {=CalcH!$BC$14:$BC$17} | S62: =Language!$E$197 -> - | T62: =IF(O62="","",R62-Q62) | U62: {=CalcH!$BE$14:$BH$17} | Z62: {=IF(COUNTBLANK(CalcH!$AZ$22:$AZ$25)<4,CalcH!$AZ$22:$AZ$25,CalcH!$BN$14:$BN$17)} | AA62: {=IF(COUNTBLANK(CalcH!$AZ$22:$AZ$25)<4,CalcH!$BA$22:$BA$25,CalcH!$BO$14:$BO$17)} | AB62: {=IF(COUNTBLANK(CalcH!$AZ$22:$AZ$25)<4,CalcH!$BB$22:$BB$25,CalcH!$BP$14:$BP$17)} | AC62: {=IF(COUNTBLANK(CalcH!$AZ$22:$AZ$25)<4,CalcH!$BC$22:$BC$25,CalcH!$BQ$14:$BQ$17)} | AD62: =Language!$E$197 -> - | AE62: =IF(Z62="","",AC62-AB62) | AF62: {=IF(COUNTBLANK(CalcH!$AZ$22:$AZ$25)<4,CalcH!$BE$22:$BH$25,CalcH!$BS$14:$BV$17)} | AK62: {=CalcH!$BZ$14:$BZ$17} | AL62: {=CalcH!$CA$14:$CA$17} | AM62: {=CalcH!$CB$14:$CB$17} | AN62: {=CalcH!$CC$14:$CC$17} | AO62: =Language!$E$197 -> - | AP62: =IF(AK62="","",AN62-AM62) | AQ62: {=CalcH!$CE$14:$CH$17} | AV62: {=VLOOKUP($D62:$D65,CalcH!$D$5:$P$8,13,0)} -> 0 | AW62: {=VLOOKUP($D62:$D65,CalcH!$D$5:$Q$8,14,0)} -> 2
D63: Uruguay | E63: 6 | F63: =G63-I63 -> 3 | G63: 5 | H63: =Language!$E$197 -> - | I63: 2 | J63: 1 - 2 | L63: 2 - 0 | M63: 2 - 0 | S63: =Language!$E$197 -> - | T63: =IF(O63="","",R63-Q63) | AD63: =Language!$E$197 -> - | AE63: =IF(Z63="","",AC63-AB63) | AO63: =Language!$E$197 -> - | AP63: =IF(AK63="","",AN63-AM63) | AV63: 0 | AW63: 17
B64: • | D64: Saudi Arabia | E64: 1 | F64: =G64-I64 -> -5 | G64: 1 | H64: =Language!$E$197 -> - | I64: 6 | J64: 0 - 3 | K64: 0 - 2 | M64: 1 - 1 | O64: Saudi Arabia | P64: 1 | Q64: 0 | R64: 1 | S64: =Language!$E$197 -> - | T64: =IF(O64="","",R64-Q64) -> 1 | X64: 1 - 1 | AD64: =Language!$E$197 -> - | AE64: =IF(Z64="","",AC64-AB64) | AO64: =Language!$E$197 -> - | AP64: =IF(AK64="","",AN64-AM64) | AV64: 0 | AW64: 61
B65: • | D65: Cape Verde | E65: 1 | F65: =G65-I65 -> -5 | G65: 1 | H65: =Language!$E$197 -> - | I65: 6 | J65: 0 - 3 | K65: 0 - 2 | L65: 1 - 1 | O65: Cape Verde | P65: 1 | Q65: 0 | R65: 1 | S65: =Language!$E$197 -> - | T65: =IF(O65="","",R65-Q65) -> 1 | W65: 1 - 1 | AD65: =Language!$E$197 -> - | AE65: =IF(Z65="","",AC65-AB65) | AO65: =Language!$E$197 -> - | AP65: =IF(AK65="","",AN65-AM65) | AV65: 0 | AW65: 69
Z68: =IF(COUNTBLANK(CalcI!$BN$14:$BN$17)<4,Language!$E$136,"") | AK68: =IF(COUNTBLANK(CalcI!$BZ$14:$BZ$17)<4,Language!$E$136,"")
B69: I | E69: =Language!$E$131 -> Pts. | F69: =Language!$E$132 -> GD | G69: =Language!$E$133 -> Goals | J69: {=LEFT(CalcI!$H$21:$K$21,$D$4)} -> France | K69: Norway | L69: Senegal | M69: Iraq | P69: =Language!$E$131 -> Pts. | Q69: =Language!$E$132 -> GD | R69: =Language!$E$133 -> Goals | U69: {=LEFT(CalcI!$BE$13:$BH$13,$D$4)} | V69: Norway | W69: Senegal | AA69: =Language!$E$131 -> Pts. | AB69: =Language!$E$132 -> GD | AC69: =Language!$E$133 -> Goals | AF69: {=IF(COUNTBLANK(CalcI!$AZ$22:$AZ$25)<4,LEFT(CalcI!$BE$21:$BH$21,$D$4),LEFT(CalcI!$BS$13:$BV$13,$D$4))} | AL69: =Language!$E$131 -> Pts. | AM69: =Language!$E$132 -> GD | AN69: =Language!$E$133 -> Goals | AQ69: {=LEFT(CalcI!$CE$13:$CH$13,$D$4)} | AV69: =Language!$E$123 -> Fair play | AW69: =Language!$E$186 -> FIFA Rank
B70: {=IF(CalcI!$M$22:$M$25,"•","")} | D70: {=CalcI!$D$22:$D$25} -> France | E70: {=CalcI!$E$22:$E$25} -> 9 | F70: =G70-I70 -> 5 | G70: {=CalcI!$F$22:$F$25} -> 7 | H70: =Language!$E$197 -> - | I70: {=CalcI!$G$22:$G$25} -> 2 | J70: {=CalcI!$H$22:$K$25} | K70: 2 - 1 | L70: 2 - 1 | M70: 3 - 0 | O70: {=CalcI!$AZ$14:$AZ$17} | P70: {=CalcI!$BA$14:$BA$17} | Q70: {=CalcI!$BB$14:$BB$17} | R70: {=CalcI!$BC$14:$BC$17} | S70: =Language!$E$197 -> - | T70: =IF(O70="","",R70-Q70) | U70: {=CalcI!$BE$14:$BH$17} | Z70: {=IF(COUNTBLANK(CalcI!$AZ$22:$AZ$25)<4,CalcI!$AZ$22:$AZ$25,CalcI!$BN$14:$BN$17)} | AA70: {=IF(COUNTBLANK(CalcI!$AZ$22:$AZ$25)<4,CalcI!$BA$22:$BA$25,CalcI!$BO$14:$BO$17)} | AB70: {=IF(COUNTBLANK(CalcI!$AZ$22:$AZ$25)<4,CalcI!$BB$22:$BB$25,CalcI!$BP$14:$BP$17)} | AC70: {=IF(COUNTBLANK(CalcI!$AZ$22:$AZ$25)<4,CalcI!$BC$22:$BC$25,CalcI!$BQ$14:$BQ$17)} | AD70: =Language!$E$197 -> - | AE70: =IF(Z70="","",AC70-AB70) | AF70: {=IF(COUNTBLANK(CalcI!$AZ$22:$AZ$25)<4,CalcI!$BE$22:$BH$25,CalcI!$BS$14:$BV$17)} | AK70: {=CalcI!$BZ$14:$BZ$17} | AL70: {=CalcI!$CA$14:$CA$17} | AM70: {=CalcI!$CB$14:$CB$17} | AN70: {=CalcI!$CC$14:$CC$17} | AO70: =Language!$E$197 -> - | AP70: =IF(AK70="","",AN70-AM70) | AQ70: {=CalcI!$CE$14:$CH$17} | AV70: {=VLOOKUP($D70:$D73,CalcI!$D$5:$P$8,13,0)} -> 0 | AW70: {=VLOOKUP($D70:$D73,CalcI!$D$5:$Q$8,14,0)} -> 1
D71: Norway | E71: 4 | F71: =G71-I71 -> 2 | G71: 5 | H71: =Language!$E$197 -> - | I71: 3 | J71: 1 - 2 | L71: 1 - 1 | M71: 3 - 0 | O71: Norway | P71: 1 | Q71: 0 | R71: 1 | S71: =Language!$E$197 -> - | T71: =IF(O71="","",R71-Q71) -> 1 | W71: 1 - 1 | AD71: =Language!$E$197 -> - | AE71: =IF(Z71="","",AC71-AB71) | AO71: =Language!$E$197 -> - | AP71: =IF(AK71="","",AN71-AM71) | AV71: 0 | AW71: 31
D72: Senegal | E72: 4 | F72: =G72-I72 -> 1 | G72: 4 | H72: =Language!$E$197 -> - | I72: 3 | J72: 1 - 2 | K72: 1 - 1 | M72: 2 - 0 | O72: Senegal | P72: 1 | Q72: 0 | R72: 1 | S72: =Language!$E$197 -> - | T72: =IF(O72="","",R72-Q72) -> 1 | V72: 1 - 1 | AD72: =Language!$E$197 -> - | AE72: =IF(Z72="","",AC72-AB72) | AO72: =Language!$E$197 -> - | AP72: =IF(AK72="","",AN72-AM72) | AV72: 0 | AW72: 14
D73: Iraq | E73: 0 | F73: =G73-I73 -> -8 | G73: 0 | H73: =Language!$E$197 -> - | I73: 8 | J73: 0 - 3 | K73: 0 - 3 | L73: 0 - 2 | S73: =Language!$E$197 -> - | T73: =IF(O73="","",R73-Q73) | AD73: =Language!$E$197 -> - | AE73: =IF(Z73="","",AC73-AB73) | AO73: =Language!$E$197 -> - | AP73: =IF(AK73="","",AN73-AM73) | AV73: 0 | AW73: 57
Z76: =IF(COUNTBLANK(CalcJ!$BN$14:$BN$17)<4,Language!$E$136,"") | AK76: =IF(COUNTBLANK(CalcJ!$BZ$14:$BZ$17)<4,Language!$E$136,"")
B77: J | E77: =Language!$E$131 -> Pts. | F77: =Language!$E$132 -> GD | G77: =Language!$E$133 -> Goals | J77: {=LEFT(CalcJ!$H$21:$K$21,$D$4)} -> Argenti | K77: Austria | L77: Algeria | M77: Jordan | P77: =Language!$E$131 -> Pts. | Q77: =Language!$E$132 -> GD | R77: =Language!$E$133 -> Goals | U77: {=LEFT(CalcJ!$BE$13:$BH$13,$D$4)} | AA77: =Language!$E$131 -> Pts. | AB77: =Language!$E$132 -> GD | AC77: =Language!$E$133 -> Goals | AF77: {=IF(COUNTBLANK(CalcJ!$AZ$22:$AZ$25)<4,LEFT(CalcJ!$BE$21:$BH$21,$D$4),LEFT(CalcJ!$BS$13:$BV$13,$D$4))} | AL77: =Language!$E$131 -> Pts. | AM77: =Language!$E$132 -> GD | AN77: =Language!$E$133 -> Goals | AQ77: {=LEFT(CalcJ!$CE$13:$CH$13,$D$4)} | AV77: =Language!$E$123 -> Fair play | AW77: =Language!$E$186 -> FIFA Rank
B78: {=IF(CalcJ!$M$22:$M$25,"•","")} | D78: {=CalcJ!$D$22:$D$25} -> Argentina | E78: {=CalcJ!$E$22:$E$25} -> 9 | F78: =G78-I78 -> 4 | G78: {=CalcJ!$F$22:$F$25} -> 6 | H78: =Language!$E$197 -> - | I78: {=CalcJ!$G$22:$G$25} -> 2 | J78: {=CalcJ!$H$22:$K$25} | K78: 2 - 1 | L78: 2 - 1 | M78: 2 - 0 | O78: {=CalcJ!$AZ$14:$AZ$17} | P78: {=CalcJ!$BA$14:$BA$17} | Q78: {=CalcJ!$BB$14:$BB$17} | R78: {=CalcJ!$BC$14:$BC$17} | S78: =Language!$E$197 -> - | T78: =IF(O78="","",R78-Q78) | U78: {=CalcJ!$BE$14:$BH$17} | Z78: {=IF(COUNTBLANK(CalcJ!$AZ$22:$AZ$25)<4,CalcJ!$AZ$22:$AZ$25,CalcJ!$BN$14:$BN$17)} | AA78: {=IF(COUNTBLANK(CalcJ!$AZ$22:$AZ$25)<4,CalcJ!$BA$22:$BA$25,CalcJ!$BO$14:$BO$17)} | AB78: {=IF(COUNTBLANK(CalcJ!$AZ$22:$AZ$25)<4,CalcJ!$BB$22:$BB$25,CalcJ!$BP$14:$BP$17)} | AC78: {=IF(COUNTBLANK(CalcJ!$AZ$22:$AZ$25)<4,CalcJ!$BC$22:$BC$25,CalcJ!$BQ$14:$BQ$17)} | AD78: =Language!$E$197 -> - | AE78: =IF(Z78="","",AC78-AB78) | AF78: {=IF(COUNTBLANK(CalcJ!$AZ$22:$AZ$25)<4,CalcJ!$BE$22:$BH$25,CalcJ!$BS$14:$BV$17)} | AK78: {=CalcJ!$BZ$14:$BZ$17} | AL78: {=CalcJ!$CA$14:$CA$17} | AM78: {=CalcJ!$CB$14:$CB$17} | AN78: {=CalcJ!$CC$14:$CC$17} | AO78: =Language!$E$197 -> - | AP78: =IF(AK78="","",AN78-AM78) | AQ78: {=CalcJ!$CE$14:$CH$17} | AV78: {=VLOOKUP($D78:$D81,CalcJ!$D$5:$P$8,13,0)} -> 0 | AW78: {=VLOOKUP($D78:$D81,CalcJ!$D$5:$Q$8,14,0)} -> 3
D79: Austria | E79: 6 | F79: =G79-I79 -> 2 | G79: 5 | H79: =Language!$E$197 -> - | I79: 3 | J79: 1 - 2 | L79: 2 - 1 | M79: 2 - 0 | S79: =Language!$E$197 -> - | T79: =IF(O79="","",R79-Q79) | AD79: =Language!$E$197 -> - | AE79: =IF(Z79="","",AC79-AB79) | AO79: =Language!$E$197 -> - | AP79: =IF(AK79="","",AN79-AM79) | AV79: 0 | AW79: 24
D80: Algeria | E80: 3 | F80: =G80-I80 -> 0 | G80: 4 | H80: =Language!$E$197 -> - | I80: 4 | J80: 1 - 2 | K80: 1 - 2 | M80: 2 - 0 | S80: =Language!$E$197 -> - | T80: =IF(O80="","",R80-Q80) | AD80: =Language!$E$197 -> - | AE80: =IF(Z80="","",AC80-AB80) | AO80: =Language!$E$197 -> - | AP80: =IF(AK80="","",AN80-AM80) | AV80: 0 | AW80: 28
D81: Jordan | E81: 0 | F81: =G81-I81 -> -6 | G81: 0 | H81: =Language!$E$197 -> - | I81: 6 | J81: 0 - 2 | K81: 0 - 2 | L81: 0 - 2 | S81: =Language!$E$197 -> - | T81: =IF(O81="","",R81-Q81) | AD81: =Language!$E$197 -> - | AE81: =IF(Z81="","",AC81-AB81) | AO81: =Language!$E$197 -> - | AP81: =IF(AK81="","",AN81-AM81) | AV81: 0 | AW81: 63
Z84: =IF(COUNTBLANK(CalcK!$BN$14:$BN$17)<4,Language!$E$136,"") | AK84: =IF(COUNTBLANK(CalcK!$BZ$14:$BZ$17)<4,Language!$E$136,"")
B85: K | E85: =Language!$E$131 -> Pts. | F85: =Language!$E$132 -> GD | G85: =Language!$E$133 -> Goals | J85: {=LEFT(CalcK!$H$21:$K$21,$D$4)} -> Portuga | K85: Colombi | L85: DR Cong | M85: Uzbekis | P85: =Language!$E$131 -> Pts. | Q85: =Language!$E$132 -> GD | R85: =Language!$E$133 -> Goals | U85: {=LEFT(CalcK!$BE$13:$BH$13,$D$4)} | W85: DR Cong | X85: Uzbekis | AA85: =Language!$E$131 -> Pts. | AB85: =Language!$E$132 -> GD | AC85: =Language!$E$133 -> Goals | AF85: {=IF(COUNTBLANK(CalcK!$AZ$22:$AZ$25)<4,LEFT(CalcK!$BE$21:$BH$21,$D$4),LEFT(CalcK!$BS$13:$BV$13,$D$4))} | AL85: =Language!$E$131 -> Pts. | AM85: =Language!$E$132 -> GD | AN85: =Language!$E$133 -> Goals | AQ85: {=LEFT(CalcK!$CE$13:$CH$13,$D$4)} | AV85: =Language!$E$123 -> Fair play | AW85: =Language!$E$186 -> FIFA Rank
B86: {=IF(CalcK!$M$22:$M$25,"•","")} | D86: {=CalcK!$D$22:$D$25} -> Portugal | E86: {=CalcK!$E$22:$E$25} -> 9 | F86: =G86-I86 -> 6 | G86: {=CalcK!$F$22:$F$25} -> 7 | H86: =Language!$E$197 -> - | I86: {=CalcK!$G$22:$G$25} -> 1 | J86: {=CalcK!$H$22:$K$25} | K86: 2 - 1 | L86: 2 - 0 | M86: 3 - 0 | O86: {=CalcK!$AZ$14:$AZ$17} | P86: {=CalcK!$BA$14:$BA$17} | Q86: {=CalcK!$BB$14:$BB$17} | R86: {=CalcK!$BC$14:$BC$17} | S86: =Language!$E$197 -> - | T86: =IF(O86="","",R86-Q86) | U86: {=CalcK!$BE$14:$BH$17} | Z86: {=IF(COUNTBLANK(CalcK!$AZ$22:$AZ$25)<4,CalcK!$AZ$22:$AZ$25,CalcK!$BN$14:$BN$17)} | AA86: {=IF(COUNTBLANK(CalcK!$AZ$22:$AZ$25)<4,CalcK!$BA$22:$BA$25,CalcK!$BO$14:$BO$17)} | AB86: {=IF(COUNTBLANK(CalcK!$AZ$22:$AZ$25)<4,CalcK!$BB$22:$BB$25,CalcK!$BP$14:$BP$17)} | AC86: {=IF(COUNTBLANK(CalcK!$AZ$22:$AZ$25)<4,CalcK!$BC$22:$BC$25,CalcK!$BQ$14:$BQ$17)} | AD86: =Language!$E$197 -> - | AE86: =IF(Z86="","",AC86-AB86) | AF86: {=IF(COUNTBLANK(CalcK!$AZ$22:$AZ$25)<4,CalcK!$BE$22:$BH$25,CalcK!$BS$14:$BV$17)} | AK86: {=CalcK!$BZ$14:$BZ$17} | AL86: {=CalcK!$CA$14:$CA$17} | AM86: {=CalcK!$CB$14:$CB$17} | AN86: {=CalcK!$CC$14:$CC$17} | AO86: =Language!$E$197 -> - | AP86: =IF(AK86="","",AN86-AM86) | AQ86: {=CalcK!$CE$14:$CH$17} | AV86: {=VLOOKUP($D86:$D89,CalcK!$D$5:$P$8,13,0)} -> 0 | AW86: {=VLOOKUP($D86:$D89,CalcK!$D$5:$Q$8,14,0)} -> 5
D87: Colombia | E87: 6 | F87: =G87-I87 -> 2 | G87: 5 | H87: =Language!$E$197 -> - | I87: 3 | J87: 1 - 2 | L87: 2 - 1 | M87: 2 - 0 | S87: =Language!$E$197 -> - | T87: =IF(O87="","",R87-Q87) | AD87: =Language!$E$197 -> - | AE87: =IF(Z87="","",AC87-AB87) | AO87: =Language!$E$197 -> - | AP87: =IF(AK87="","",AN87-AM87) | AV87: 0 | AW87: 13
D88: DR Congo | E88: 1 | F88: =G88-I88 -> -3 | G88: 2 | H88: =Language!$E$197 -> - | I88: 5 | J88: 0 - 2 | K88: 1 - 2 | M88: 1 - 1 | O88: DR Congo | P88: 1 | Q88: 0 | R88: 1 | S88: =Language!$E$197 -> - | T88: =IF(O88="","",R88-Q88) -> 1 | X88: 1 - 1 | AD88: =Language!$E$197 -> - | AE88: =IF(Z88="","",AC88-AB88) | AO88: =Language!$E$197 -> - | AP88: =IF(AK88="","",AN88-AM88) | AV88: 0 | AW88: 46
D89: Uzbekistan | E89: 1 | F89: =G89-I89 -> -5 | G89: 1 | H89: =Language!$E$197 -> - | I89: 6 | J89: 0 - 3 | K89: 0 - 2 | L89: 1 - 1 | O89: Uzbekistan | P89: 1 | Q89: 0 | R89: 1 | S89: =Language!$E$197 -> - | T89: =IF(O89="","",R89-Q89) -> 1 | W89: 1 - 1 | AD89: =Language!$E$197 -> - | AE89: =IF(Z89="","",AC89-AB89) | AO89: =Language!$E$197 -> - | AP89: =IF(AK89="","",AN89-AM89) | AV89: 0 | AW89: 50
Z92: =IF(COUNTBLANK(CalcL!$BN$14:$BN$17)<4,Language!$E$136,"") | AK92: =IF(COUNTBLANK(CalcL!$BZ$14:$BZ$17)<4,Language!$E$136,"")
B93: L | E93: =Language!$E$131 -> Pts. | F93: =Language!$E$132 -> GD | G93: =Language!$E$133 -> Goals | J93: {=LEFT(CalcL!$H$21:$K$21,$D$4)} -> England | K93: Croatia | L93: Ghana | M93: Panama | P93: =Language!$E$131 -> Pts. | Q93: =Language!$E$132 -> GD | R93: =Language!$E$133 -> Goals | U93: {=LEFT(CalcL!$BE$13:$BH$13,$D$4)} | V93: Croatia | W93: Ghana | AA93: =Language!$E$131 -> Pts. | AB93: =Language!$E$132 -> GD | AC93: =Language!$E$133 -> Goals | AF93: {=IF(COUNTBLANK(CalcL!$AZ$22:$AZ$25)<4,LEFT(CalcL!$BE$21:$BH$21,$D$4),LEFT(CalcL!$BS$13:$BV$13,$D$4))} | AL93: =Language!$E$131 -> Pts. | AM93: =Language!$E$132 -> GD | AN93: =Language!$E$133 -> Goals | AQ93: {=LEFT(CalcL!$CE$13:$CH$13,$D$4)} | AV93: =Language!$E$123 -> Fair play | AW93: =Language!$E$186 -> FIFA Rank
B94: {=IF(CalcL!$M$22:$M$25,"•","")} | D94: {=CalcL!$D$22:$D$25} -> England | E94: {=CalcL!$E$22:$E$25} -> 9 | F94: =G94-I94 -> 6 | G94: {=CalcL!$F$22:$F$25} -> 6 | H94: =Language!$E$197 -> - | I94: {=CalcL!$G$22:$G$25} -> 0 | J94: {=CalcL!$H$22:$K$25} | K94: 2 - 0 | L94: 2 - 0 | M94: 2 - 0 | O94: {=CalcL!$AZ$14:$AZ$17} | P94: {=CalcL!$BA$14:$BA$17} | Q94: {=CalcL!$BB$14:$BB$17} | R94: {=CalcL!$BC$14:$BC$17} | S94: =Language!$E$197 -> - | T94: =IF(O94="","",R94-Q94) | U94: {=CalcL!$BE$14:$BH$17} | Z94: {=IF(COUNTBLANK(CalcL!$AZ$22:$AZ$25)<4,CalcL!$AZ$22:$AZ$25,CalcL!$BN$14:$BN$17)} | AA94: {=IF(COUNTBLANK(CalcL!$AZ$22:$AZ$25)<4,CalcL!$BA$22:$BA$25,CalcL!$BO$14:$BO$17)} | AB94: {=IF(COUNTBLANK(CalcL!$AZ$22:$AZ$25)<4,CalcL!$BB$22:$BB$25,CalcL!$BP$14:$BP$17)} | AC94: {=IF(COUNTBLANK(CalcL!$AZ$22:$AZ$25)<4,CalcL!$BC$22:$BC$25,CalcL!$BQ$14:$BQ$17)} | AD94: =Language!$E$197 -> - | AE94: =IF(Z94="","",AC94-AB94) | AF94: {=IF(COUNTBLANK(CalcL!$AZ$22:$AZ$25)<4,CalcL!$BE$22:$BH$25,CalcL!$BS$14:$BV$17)} | AK94: {=CalcL!$BZ$14:$BZ$17} | AL94: {=CalcL!$CA$14:$CA$17} | AM94: {=CalcL!$CB$14:$CB$17} | AN94: {=CalcL!$CC$14:$CC$17} | AO94: =Language!$E$197 -> - | AP94: =IF(AK94="","",AN94-AM94) | AQ94: {=CalcL!$CE$14:$CH$17} | AV94: {=VLOOKUP($D94:$D97,CalcL!$D$5:$P$8,13,0)} -> 0 | AW94: {=VLOOKUP($D94:$D97,CalcL!$D$5:$Q$8,14,0)} -> 4
B95: • | D95: Croatia | E95: 4 | F95: =G95-I95 -> 0 | G95: 3 | H95: =Language!$E$197 -> - | I95: 3 | J95: 0 - 2 | L95: 1 - 1 | M95: 2 - 0 | O95: Croatia | P95: 1 | Q95: 0 | R95: 1 | S95: =Language!$E$197 -> - | T95: =IF(O95="","",R95-Q95) -> 1 | W95: 1 - 1 | AD95: =Language!$E$197 -> - | AE95: =IF(Z95="","",AC95-AB95) | AO95: =Language!$E$197 -> - | AP95: =IF(AK95="","",AN95-AM95) | AV95: 0 | AW95: 11
B96: • | D96: Ghana | E96: 4 | F96: =G96-I96 -> 0 | G96: 3 | H96: =Language!$E$197 -> - | I96: 3 | J96: 0 - 2 | K96: 1 - 1 | M96: 2 - 0 | O96: Ghana | P96: 1 | Q96: 0 | R96: 1 | S96: =Language!$E$197 -> - | T96: =IF(O96="","",R96-Q96) -> 1 | V96: 1 - 1 | AD96: =Language!$E$197 -> - | AE96: =IF(Z96="","",AC96-AB96) | AO96: =Language!$E$197 -> - | AP96: =IF(AK96="","",AN96-AM96) | AV96: 0 | AW96: 74
D97: Panama | E97: 0 | F97: =G97-I97 -> -6 | G97: 0 | H97: =Language!$E$197 -> - | I97: 6 | J97: 0 - 2 | K97: 0 - 2 | L97: 0 - 2 | S97: =Language!$E$197 -> - | T97: =IF(O97="","",R97-Q97) | AD97: =Language!$E$197 -> - | AE97: =IF(Z97="","",AC97-AB97) | AO97: =Language!$E$197 -> - | AP97: =IF(AK97="","",AN97-AM97) | AV97: 0 | AW97: 33
C99: • | D99: =Language!$E$199 -> A red dot means that the fair play rating or the FIFA world ranking will determine this team's placement

Sheet Predictions_1
B1: =Language!$E$204 -> Predictions
I2: =O132 -> 0 | V2: =AB132 -> 0 | AI2: =AO132 -> 0 | AV2: =BB132 -> 0 | BI2: =BO132 -> 0 | BV2: =CB132 -> 0 | CI2: =CO132 -> 0 | CV2: =DB132 -> 0 | DI2: =DO132 -> 0 | DV2: =EB132 -> 0 | EI2: =EO132 -> 0 | EV2: =FB132 -> 0 | FI2: =FO132 -> 0 | FV2: =GB132 -> 0 | GI2: =GO132 -> 0 | GV2: =HB132 -> 0 | HI2: =HO132 -> 0 | HV2: =IB132 -> 0 | II2: =IO132 -> 0 | IV2: =JB132 -> 0 | JI2: =JO132 -> 0 | JV2: =KB132 -> 0 | KI2: =KO132 -> 0 | KV2: =LB132 -> 0 | LI2: =LO132 -> 0 | LV2: =MB132 -> 0
B3: =Language!$E$205 -> Correct Results | I3: Anna | V3: Peter
F4: =Language!$E$206 -> Result | M4: =Language!$E$209 -> Result | O4: =Language!$E$219 -> Final | P4: =Language!$E$210 -> W/D/L | Q4: =Language!$E$211 -> GD | R4: =Language!$E$212 -> exact | S4: =Language!$E$224 -> many g. | T4: =Language!$E$213 -> teams | Z4: =Language!$E$209 -> Result | AB4: =Language!$E$219 -> Final | AC4: =Language!$E$210 -> W/D/L | AD4: =Language!$E$211 -> GD | AE4: =Language!$E$212 -> exact | AF4: =Language!$E$224 -> many g. | AG4: =Language!$E$213 -> teams | AM4: =Language!$E$209 -> Result | AO4: =Language!$E$219 -> Final | AP4: =Language!$E$210 -> W/D/L | AQ4: =Language!$E$211 -> GD | AR4: =Language!$E$212 -> exact | AS4: =Language!$E$224 -> many g. | AT4: =Language!$E$213 -> teams | AZ4: =Language!$E$209 -> Result | BB4: =Language!$E$219 -> Final | BC4: =Language!$E$210 -> W/D/L | BD4: =Language!$E$211 -> GD | BE4: =Language!$E$212 -> exact | BF4: =Language!$E$224 -> many g. | BG4: =Language!$E$213 -> teams | BM4: =Language!$E$209 -> Result | BO4: =Language!$E$219 -> Final | BP4: =Language!$E$210 -> W/D/L | BQ4: =Language!$E$211 -> GD | BR4: =Language!$E$212 -> exact | BS4: =Language!$E$224 -> many g. | BT4: =Language!$E$213 -> teams | BZ4: =Language!$E$209 -> Result | CB4: =Language!$E$219 -> Final | CC4: =Language!$E$210 -> W/D/L | CD4: =Language!$E$211 -> GD | CE4: =Language!$E$212 -> exact | CF4: =Language!$E$224 -> many g. | CG4: =Language!$E$213 -> teams | CM4: =Language!$E$209 -> Result | CO4: =Language!$E$219 -> Final | CP4: =Language!$E$210 -> W/D/L | CQ4: =Language!$E$211 -> GD | CR4: =Language!$E$212 -> exact | CS4: =Language!$E$224 -> many g. | CT4: =Language!$E$213 -> teams | CZ4: =Language!$E$209 -> Result | DB4: =Language!$E$219 -> Final | DC4: =Language!$E$210 -> W/D/L | DD4: =Language!$E$211 -> GD | DE4: =Language!$E$212 -> exact | DF4: =Language!$E$224 -> many g. | DG4: =Language!$E$213 -> teams | DM4: =Language!$E$209 -> Result | DO4: =Language!$E$219 -> Final | DP4: =Language!$E$210 -> W/D/L | DQ4: =Language!$E$211 -> GD | DR4: =Language!$E$212 -> exact | DS4: =Language!$E$224 -> many g. | DT4: =Language!$E$213 -> teams | DZ4: =Language!$E$209 -> Result | EB4: =Language!$E$219 -> Final | EC4: =Language!$E$210 -> W/D/L | ED4: =Language!$E$211 -> GD | EE4: =Language!$E$212 -> exact | EF4: =Language!$E$224 -> many g. | EG4: =Language!$E$213 -> teams | EM4: =Language!$E$209 -> Result | EO4: =Language!$E$219 -> Final | EP4: =Language!$E$210 -> W/D/L | EQ4: =Language!$E$211 -> GD | ER4: =Language!$E$212 -> exact | ES4: =Language!$E$224 -> many g. | ET4: =Language!$E$213 -> teams | EZ4: =Language!$E$209 -> Result | FB4: =Language!$E$219 -> Final | FC4: =Language!$E$210 -> W/D/L | FD4: =Language!$E$211 -> GD | FE4: =Language!$E$212 -> exact | FF4: =Language!$E$224 -> many g. | FG4: =Language!$E$213 -> teams | FM4: =Language!$E$209 -> Result | FO4: =Language!$E$219 -> Final | FP4: =Language!$E$210 -> W/D/L | FQ4: =Language!$E$211 -> GD | FR4: =Language!$E$212 -> exact | FS4: =Language!$E$224 -> many g. | FT4: =Language!$E$213 -> teams | FZ4: =Language!$E$209 -> Result | GB4: =Language!$E$219 -> Final | GC4: =Language!$E$210 -> W/D/L | GD4: =Language!$E$211 -> GD | GE4: =Language!$E$212 -> exact | GF4: =Language!$E$224 -> many g. | GG4: =Language!$E$213 -> teams | GM4: =Language!$E$209 -> Result | GO4: =Language!$E$219 -> Final | GP4: =Language!$E$210 -> W/D/L | GQ4: =Language!$E$211 -> GD | GR4: =Language!$E$212 -> exact | GS4: =Language!$E$224 -> many g. | GT4: =Language!$E$213 -> teams | GZ4: =Language!$E$209 -> Result | HB4: =Language!$E$219 -> Final | HC4: =Language!$E$210 -> W/D/L | HD4: =Language!$E$211 -> GD | HE4: =Language!$E$212 -> exact | HF4: =Language!$E$224 -> many g. | HG4: =Language!$E$213 -> teams | HM4: =Language!$E$209 -> Result | HO4: =Language!$E$219 -> Final | HP4: =Language!$E$210 -> W/D/L | HQ4: =Language!$E$211 -> GD | HR4: =Language!$E$212 -> exact | HS4: =Language!$E$224 -> many g. | HT4: =Language!$E$213 -> teams | HZ4: =Language!$E$209 -> Result | IB4: =Language!$E$219 -> Final | IC4: =Language!$E$210 -> W/D/L | ID4: =Language!$E$211 -> GD | IE4: =Language!$E$212 -> exact | IF4: =Language!$E$224 -> many g. | IG4: =Language!$E$213 -> teams | IM4: =Language!$E$209 -> Result | IO4: =Language!$E$219 -> Final | IP4: =Language!$E$210 -> W/D/L | IQ4: =Language!$E$211 -> GD | IR4: =Language!$E$212 -> exact | IS4: =Language!$E$224 -> many g. | IT4: =Language!$E$213 -> teams | IZ4: =Language!$E$209 -> Result | JB4: =Language!$E$219 -> Final | JC4: =Language!$E$210 -> W/D/L | JD4: =Language!$E$211 -> GD | JE4: =Language!$E$212 -> exact | JF4: =Language!$E$224 -> many g. | JG4: =Language!$E$213 -> teams | JM4: =Language!$E$209 -> Result | JO4: =Language!$E$219 -> Final | JP4: =Language!$E$210 -> W/D/L | JQ4: =Language!$E$211 -> GD | JR4: =Language!$E$212 -> exact | JS4: =Language!$E$224 -> many g. | JT4: =Language!$E$213 -> teams | JZ4: =Language!$E$209 -> Result | KB4: =Language!$E$219 -> Final | KC4: =Language!$E$210 -> W/D/L | KD4: =Language!$E$211 -> GD | KE4: =Language!$E$212 -> exact | KF4: =Language!$E$224 -> many g. | KG4: =Language!$E$213 -> teams | KM4: =Language!$E$209 -> Result | KO4: =Language!$E$219 -> Final | KP4: =Language!$E$210 -> W/D/L | KQ4: =Language!$E$211 -> GD | KR4: =Language!$E$212 -> exact | KS4: =Language!$E$224 -> many g. | KT4: =Language!$E$213 -> teams | KZ4: =Language!$E$209 -> Result | LB4: =Language!$E$219 -> Final | LC4: =Language!$E$210 -> W/D/L | LD4: =Language!$E$211 -> GD | LE4: =Language!$E$212 -> exact | LF4: =Language!$E$224 -> many g. | LG4: =Language!$E$213 -> teams | LM4: =Language!$E$209 -> Result | LO4: =Language!$E$219 -> Final | LP4: =Language!$E$210 -> W/D/L | LQ4: =Language!$E$211 -> GD | LR4: =Language!$E$212 -> exact | LS4: =Language!$E$224 -> many g. | LT4: =Language!$E$213 -> teams | LZ4: =Language!$E$209 -> Result | MB4: =Language!$E$219 -> Final | MC4: =Language!$E$210 -> W/D/L | MD4: =Language!$E$211 -> GD | ME4: =Language!$E$212 -> exact | MF4: =Language!$E$224 -> many g. | MG4: =Language!$E$213 -> teams
B5: =Language!$E$130&" A" -> Group A | I5: =$B5 -> Group A | V5: =$B5 -> Group A | AI5: =$B5 -> Group A | AV5: =$B5 -> Group A | BI5: =$B5 -> Group A | BV5: =$B5 -> Group A | CI5: =$B5 -> Group A | CV5: =$B5 -> Group A | DI5: =$B5 -> Group A | DV5: =$B5 -> Group A | EI5: =$B5 -> Group A | EV5: =$B5 -> Group A | FI5: =$B5 -> Group A | FV5: =$B5 -> Group A | GI5: =$B5 -> Group A | GV5: =$B5 -> Group A | HI5: =$B5 -> Group A | HV5: =$B5 -> Group A | II5: =$B5 -> Group A | IV5: =$B5 -> Group A | JI5: =$B5 -> Group A | JV5: =$B5 -> Group A | KI5: =$B5 -> Group A | KV5: =$B5 -> Group A | LI5: =$B5 -> Group A | LV5: =$B5 -> Group A
B6: =INDEX(Groups!$C$7:$C$65,MATCH(C6,Groups!$D$7:$D$65,0)) -> 15 | C6: =CalcA!$P$22 -> Mexico | D6: =INDEX(Groups!$C$7:$C$65,MATCH(E6,Groups!$D$7:$D$65,0)) -> 60 | E6: =CalcA!$Q$22 -> South Africa | F6: =CalcA!$R$22 -> 2 | G6: =CalcA!$S$22 -> 0 | I6: =$B6 -> 15 | J6: =$C6 -> Mexico | K6: =$D6 -> 60 | L6: =$E6 -> South Africa | P6: =IF(($F6<>"")*($G6<>"")*(M6<>"")*(N6<>""),($F6>$G6)*(M6>N6)+($F6=$G6)*(M6=N6)+($F6<$G6)*(M6<N6),"") | Q6: =IF((P6<>""),IF(OR($F6<>$G6,PrSettings!$M$4="●"),(($F6-$G6)=(M6-N6))*1,0),"") | R6: =IF((P6<>""),($F6=M6)*($G6=N6),"") | S6: =IF(P6<>"",IF(ABS($F6-$G6)>=PrSettings!$M$7,(ABS($F6-$G6-M6+N6)<=1)*1,IF(AND(P6,$F6=$G6,$F6>=PrSettings!$M$6),(ABS(M6-$F6)<=1)*1,IF(AND(P6,$F6+$G6>=PrSettings!$M$8),(ABS(M6-$F6)+ABS(N6-$G6)<=1)*1,""))),"") | V6: =$B6 -> 15 | W6: =$C6 -> Mexico | X6: =$D6 -> 60 | Y6: =$E6 -> South Africa | AC6: =IF(($F6<>"")*($G6<>"")*(Z6<>"")*(AA6<>""),($F6>$G6)*(Z6>AA6)+($F6=$G6)*(Z6=AA6)+($F6<$G6)*(Z6<AA6),"") | AD6: =IF((AC6<>""),IF(OR($F6<>$G6,PrSettings!$M$4="●"),(($F6-$G6)=(Z6-AA6))*1,0),"") | AE6: =IF((AC6<>""),($F6=Z6)*($G6=AA6),"") | AF6: =IF(AC6<>"",IF(ABS($F6-$G6)>=PrSettings!$M$7,(ABS($F6-$G6-Z6+AA6)<=1)*1,IF(AND(AC6,$F6=$G6,$F6>=PrSettings!$M$6),(ABS(Z6-$F6)<=1)*1,IF(AND(AC6,$F6+$G6>=PrSettings!$M$8),(ABS(Z6-$F6)+ABS(AA6-$G6)<=1)*1,""))),"") | AI6: =$B6 -> 15 | AJ6: =$C6 -> Mexico | AK6: =$D6 -> 60 | AL6: =$E6 -> South Africa | AP6: =IF(($F6<>"")*($G6<>"")*(AM6<>"")*(AN6<>""),($F6>$G6)*(AM6>AN6)+($F6=$G6)*(AM6=AN6)+($F6<$G6)*(AM6<AN6),"") | AQ6: =IF((AP6<>""),IF(OR($F6<>$G6,PrSettings!$M$4="●"),(($F6-$G6)=(AM6-AN6))*1,0),"") | AR6: =IF((AP6<>""),($F6=AM6)*($G6=AN6),"") | AS6: =IF(AP6<>"",IF(ABS($F6-$G6)>=PrSettings!$M$7,(ABS($F6-$G6-AM6+AN6)<=1)*1,IF(AND(AP6,$F6=$G6,$F6>=PrSettings!$M$6),(ABS(AM6-$F6)<=1)*1,IF(AND(AP6,$F6+$G6>=PrSettings!$M$8),(ABS(AM6-$F6)+ABS(AN6-$G6)<=1)*1,""))),"") | AV6: =$B6 -> 15 | AW6: =$C6 -> Mexico | AX6: =$D6 -> 60 | AY6: =$E6 -> South Africa | BC6: =IF(($F6<>"")*($G6<>"")*(AZ6<>"")*(BA6<>""),($F6>$G6)*(AZ6>BA6)+($F6=$G6)*(AZ6=BA6)+($F6<$G6)*(AZ6<BA6),"") | BD6: =IF((BC6<>""),IF(OR($F6<>$G6,PrSettings!$M$4="●"),(($F6-$G6)=(AZ6-BA6))*1,0),"") | BE6: =IF((BC6<>""),($F6=AZ6)*($G6=BA6),"") | BF6: =IF(BC6<>"",IF(ABS($F6-$G6)>=PrSettings!$M$7,(ABS($F6-$G6-AZ6+BA6)<=1)*1,IF(AND(BC6,$F6=$G6,$F6>=PrSettings!$M$6),(ABS(AZ6-$F6)<=1)*1,IF(AND(BC6,$F6+$G6>=PrSettings!$M$8),(ABS(AZ6-$F6)+ABS(BA6-$G6)<=1)*1,""))),"") | BI6: =$B6 -> 15 | BJ6: =$C6 -> Mexico | BK6: =$D6 -> 60 | BL6: =$E6 -> South Africa | BP6: =IF(($F6<>"")*($G6<>"")*(BM6<>"")*(BN6<>""),($F6>$G6)*(BM6>BN6)+($F6=$G6)*(BM6=BN6)+($F6<$G6)*(BM6<BN6),"") | BQ6: =IF((BP6<>""),IF(OR($F6<>$G6,PrSettings!$M$4="●"),(($F6-$G6)=(BM6-BN6))*1,0),"") | BR6: =IF((BP6<>""),($F6=BM6)*($G6=BN6),"") | BS6: =IF(BP6<>"",IF(ABS($F6-$G6)>=PrSettings!$M$7,(ABS($F6-$G6-BM6+BN6)<=1)*1,IF(AND(BP6,$F6=$G6,$F6>=PrSettings!$M$6),(ABS(BM6-$F6)<=1)*1,IF(AND(BP6,$F6+$G6>=PrSettings!$M$8),(ABS(BM6-$F6)+ABS(BN6-$G6)<=1)*1,""))),"") | BV6: =$B6 -> 15 | BW6: =$C6 -> Mexico | BX6: =$D6 -> 60 | BY6: =$E6 -> South Africa | CC6: =IF(($F6<>"")*($G6<>"")*(BZ6<>"")*(CA6<>""),($F6>$G6)*(BZ6>CA6)+($F6=$G6)*(BZ6=CA6)+($F6<$G6)*(BZ6<CA6),"") | CD6: =IF((CC6<>""),IF(OR($F6<>$G6,PrSettings!$M$4="●"),(($F6-$G6)=(BZ6-CA6))*1,0),"") | CE6: =IF((CC6<>""),($F6=BZ6)*($G6=CA6),"") | CF6: =IF(CC6<>"",IF(ABS($F6-$G6)>=PrSettings!$M$7,(ABS($F6-$G6-BZ6+CA6)<=1)*1,IF(AND(CC6,$F6=$G6,$F6>=PrSettings!$M$6),(ABS(BZ6-$F6)<=1)*1,IF(AND(CC6,$F6+$G6>=PrSettings!$M$8),(ABS(BZ6-$F6)+ABS(CA6-$G6)<=1)*1,""))),"") | CI6: =$B6 -> 15 | CJ6: =$C6 -> Mexico | CK6: =$D6 -> 60 | CL6: =$E6 -> South Africa | CP6: =IF(($F6<>"")*($G6<>"")*(CM6<>"")*(CN6<>""),($F6>$G6)*(CM6>CN6)+($F6=$G6)*(CM6=CN6)+($F6<$G6)*(CM6<CN6),"") | CQ6: =IF((CP6<>""),IF(OR($F6<>$G6,PrSettings!$M$4="●"),(($F6-$G6)=(CM6-CN6))*1,0),"") | CR6: =IF((CP6<>""),($F6=CM6)*($G6=CN6),"") | CS6: =IF(CP6<>"",IF(ABS($F6-$G6)>=PrSettings!$M$7,(ABS($F6-$G6-CM6+CN6)<=1)*1,IF(AND(CP6,$F6=$G6,$F6>=PrSettings!$M$6),(ABS(CM6-$F6)<=1)*1,IF(AND(CP6,$F6+$G6>=PrSettings!$M$8),(ABS(CM6-$F6)+ABS(CN6-$G6)<=1)*1,""))),"") | CV6: =$B6 -> 15 | CW6: =$C6 -> Mexico | CX6: =$D6 -> 60 | CY6: =$E6 -> South Africa | DC6: =IF(($F6<>"")*($G6<>"")*(CZ6<>"")*(DA6<>""),($F6>$G6)*(CZ6>DA6)+($F6=$G6)*(CZ6=DA6)+($F6<$G6)*(CZ6<DA6),"") | DD6: =IF((DC6<>""),IF(OR($F6<>$G6,PrSettings!$M$4="●"),(($F6-$G6)=(CZ6-DA6))*1,0),"") | DE6: =IF((DC6<>""),($F6=CZ6)*($G6=DA6),"") | DF6: =IF(DC6<>"",IF(ABS($F6-$G6)>=PrSettings!$M$7,(ABS($F6-$G6-CZ6+DA6)<=1)*1,IF(AND(DC6,$F6=$G6,$F6>=PrSettings!$M$6),(ABS(CZ6-$F6)<=1)*1,IF(AND(DC6,$F6+$G6>=PrSettings!$M$8),(ABS(CZ6-$F6)+ABS(DA6-$G6)<=1)*1,""))),"") | DI6: =$B6 -> 15 | DJ6: =$C6 -> Mexico | DK6: =$D6 -> 60 | DL6: =$E6 -> South Africa | DP6: =IF(($F6<>"")*($G6<>"")*(DM6<>"")*(DN6<>""),($F6>$G6)*(DM6>DN6)+($F6=$G6)*(DM6=DN6)+($F6<$G6)*(DM6<DN6),"") | DQ6: =IF((DP6<>""),IF(OR($F6<>$G6,PrSettings!$M$4="●"),(($F6-$G6)=(DM6-DN6))*1,0),"") | DR6: =IF((DP6<>""),($F6=DM6)*($G6=DN6),"") | DS6: =IF(DP6<>"",IF(ABS($F6-$G6)>=PrSettings!$M$7,(ABS($F6-$G6-DM6+DN6)<=1)*1,IF(AND(DP6,$F6=$G6,$F6>=PrSettings!$M$6),(ABS(DM6-$F6)<=1)*1,IF(AND(DP6,$F6+$G6>=PrSettings!$M$8),(ABS(DM6-$F6)+ABS(DN6-$G6)<=1)*1,""))),"") | DV6: =$B6 -> 15 | DW6: =$C6 -> Mexico | DX6: =$D6 -> 60 | DY6: =$E6 -> South Africa | EC6: =IF(($F6<>"")*($G6<>"")*(DZ6<>"")*(EA6<>""),($F6>$G6)*(DZ6>EA6)+($F6=$G6)*(DZ6=EA6)+($F6<$G6)*(DZ6<EA6),"") | ED6: =IF((EC6<>""),IF(OR($F6<>$G6,PrSettings!$M$4="●"),(($F6-$G6)=(DZ6-EA6))*1,0),"") | EE6: =IF((EC6<>""),($F6=DZ6)*($G6=EA6),"") | EF6: =IF(EC6<>"",IF(ABS($F6-$G6)>=PrSettings!$M$7,(ABS($F6-$G6-DZ6+EA6)<=1)*1,IF(AND(EC6,$F6=$G6,$F6>=PrSettings!$M$6),(ABS(DZ6-$F6)<=1)*1,IF(AND(EC6,$F6+$G6>=PrSettings!$M$8),(ABS(DZ6-$F6)+ABS(EA6-$G6)<=1)*1,""))),"") | EI6: =$B6 -> 15 | EJ6: =$C6 -> Mexico | EK6: =$D6 -> 60 | EL6: =$E6 -> South Africa | EP6: =IF(($F6<>"")*($G6<>"")*(EM6<>"")*(EN6<>""),($F6>$G6)*(EM6>EN6)+($F6=$G6)*(EM6=EN6)+($F6<$G6)*(EM6<EN6),"") | EQ6: =IF((EP6<>""),IF(OR($F6<>$G6,PrSettings!$M$4="●"),(($F6-$G6)=(EM6-EN6))*1,0),"") | ER6: =IF((EP6<>""),($F6=EM6)*($G6=EN6),"") | ES6: =IF(EP6<>"",IF(ABS($F6-$G6)>=PrSettings!$M$7,(ABS($F6-$G6-EM6+EN6)<=1)*1,IF(AND(EP6,$F6=$G6,$F6>=PrSettings!$M$6),(ABS(EM6-$F6)<=1)*1,IF(AND(EP6,$F6+$G6>=PrSettings!$M$8),(ABS(EM6-$F6)+ABS(EN6-$G6)<=1)*1,""))),"") | EV6: =$B6 -> 15 | EW6: =$C6 -> Mexico | EX6: =$D6 -> 60 | EY6: =$E6 -> South Africa | FC6: =IF(($F6<>"")*($G6<>"")*(EZ6<>"")*(FA6<>""),($F6>$G6)*(EZ6>FA6)+($F6=$G6)*(EZ6=FA6)+($F6<$G6)*(EZ6<FA6),"") | FD6: =IF((FC6<>""),IF(OR($F6<>$G6,PrSettings!$M$4="●"),(($F6-$G6)=(EZ6-FA6))*1,0),"") | FE6: =IF((FC6<>""),($F6=EZ6)*($G6=FA6),"") | FF6: =IF(FC6<>"",IF(ABS($F6-$G6)>=PrSettings!$M$7,(ABS($F6-$G6-EZ6+FA6)<=1)*1,IF(AND(FC6,$F6=$G6,$F6>=PrSettings!$M$6),(ABS(EZ6-$F6)<=1)*1,IF(AND(FC6,$F6+$G6>=PrSettings!$M$8),(ABS(EZ6-$F6)+ABS(FA6-$G6)<=1)*1,""))),"") | FI6: =$B6 -> 15 | FJ6: =$C6 -> Mexico | FK6: =$D6 -> 60 | FL6: =$E6 -> South Africa | FP6: =IF(($F6<>"")*($G6<>"")*(FM6<>"")*(FN6<>""),($F6>$G6)*(FM6>FN6)+($F6=$G6)*(FM6=FN6)+($F6<$G6)*(FM6<FN6),"") | FQ6: =IF((FP6<>""),IF(OR($F6<>$G6,PrSettings!$M$4="●"),(($F6-$G6)=(FM6-FN6))*1,0),"") | FR6: =IF((FP6<>""),($F6=FM6)*($G6=FN6),"") | FS6: =IF(FP6<>"",IF(ABS($F6-$G6)>=PrSettings!$M$7,(ABS($F6-$G6-FM6+FN6)<=1)*1,IF(AND(FP6,$F6=$G6,$F6>=PrSettings!$M$6),(ABS(FM6-$F6)<=1)*1,IF(AND(FP6,$F6+$G6>=PrSettings!$M$8),(ABS(FM6-$F6)+ABS(FN6-$G6)<=1)*1,""))),"") | FV6: =$B6 -> 15 | FW6: =$C6 -> Mexico | FX6: =$D6 -> 60 | FY6: =$E6 -> South Africa | GC6: =IF(($F6<>"")*($G6<>"")*(FZ6<>"")*(GA6<>""),($F6>$G6)*(FZ6>GA6)+($F6=$G6)*(FZ6=GA6)+($F6<$G6)*(FZ6<GA6),"") | GD6: =IF((GC6<>""),IF(OR($F6<>$G6,PrSettings!$M$4="●"),(($F6-$G6)=(FZ6-GA6))*1,0),"") | GE6: =IF((GC6<>""),($F6=FZ6)*($G6=GA6),"") | GF6: =IF(GC6<>"",IF(ABS($F6-$G6)>=PrSettings!$M$7,(ABS($F6-$G6-FZ6+GA6)<=1)*1,IF(AND(GC6,$F6=$G6,$F6>=PrSettings!$M$6),(ABS(FZ6-$F6)<=1)*1,IF(AND(GC6,$F6+$G6>=PrSettings!$M$8),(ABS(FZ6-$F6)+ABS(GA6-$G6)<=1)*1,""))),"") | GI6: =$B6 -> 15 | GJ6: =$C6 -> Mexico | GK6: =$D6 -> 60 | GL6: =$E6 -> South Africa | GP6: =IF(($F6<>"")*($G6<>"")*(GM6<>"")*(GN6<>""),($F6>$G6)*(GM6>GN6)+($F6=$G6)*(GM6=GN6)+($F6<$G6)*(GM6<GN6),"") | GQ6: =IF((GP6<>""),IF(OR($F6<>$G6,PrSettings!$M$4="●"),(($F6-$G6)=(GM6-GN6))*1,0),"") | GR6: =IF((GP6<>""),($F6=GM6)*($G6=GN6),"") | GS6: =IF(GP6<>"",IF(ABS($F6-$G6)>=PrSettings!$M$7,(ABS($F6-$G6-GM6+GN6)<=1)*1,IF(AND(GP6,$F6=$G6,$F6>=PrSettings!$M$6),(ABS(GM6-$F6)<=1)*1,IF(AND(GP6,$F6+$G6>=PrSettings!$M$8),(ABS(GM6-$F6)+ABS(GN6-$G6)<=1)*1,""))),"") | GV6: =$B6 -> 15 | GW6: =$C6 -> Mexico | GX6: =$D6 -> 60 | GY6: =$E6 -> South Africa | HC6: =IF(($F6<>"")*($G6<>"")*(GZ6<>"")*(HA6<>""),($F6>$G6)*(GZ6>HA6)+($F6=$G6)*(GZ6=HA6)+($F6<$G6)*(GZ6<HA6),"") | HD6: =IF((HC6<>""),IF(OR($F6<>$G6,PrSettings!$M$4="●"),(($F6-$G6)=(GZ6-HA6))*1,0),"") | HE6: =IF((HC6<>""),($F6=GZ6)*($G6=HA6),"") | HF6: =IF(HC6<>"",IF(ABS($F6-$G6)>=PrSettings!$M$7,(ABS($F6-$G6-GZ6+HA6)<=1)*1,IF(AND(HC6,$F6=$G6,$F6>=PrSettings!$M$6),(ABS(GZ6-$F6)<=1)*1,IF(AND(HC6,$F6+$G6>=PrSettings!$M$8),(ABS(GZ6-$F6)+ABS(HA6-$G6)<=1)*1,""))),"") | HI6: =$B6 -> 15 | HJ6: =$C6 -> Mexico | HK6: =$D6 -> 60 | HL6: =$E6 -> South Africa | HP6: =IF(($F6<>"")*($G6<>"")*(HM6<>"")*(HN6<>""),($F6>$G6)*(HM6>HN6)+($F6=$G6)*(HM6=HN6)+($F6<$G6)*(HM6<HN6),"") | HQ6: =IF((HP6<>""),IF(OR($F6<>$G6,PrSettings!$M$4="●"),(($F6-$G6)=(HM6-HN6))*1,0),"") | HR6: =IF((HP6<>""),($F6=HM6)*($G6=HN6),"") | HS6: =IF(HP6<>"",IF(ABS($F6-$G6)>=PrSettings!$M$7,(ABS($F6-$G6-HM6+HN6)<=1)*1,IF(AND(HP6,$F6=$G6,$F6>=PrSettings!$M$6),(ABS(HM6-$F6)<=1)*1,IF(AND(HP6,$F6+$G6>=PrSettings!$M$8),(ABS(HM6-$F6)+ABS(HN6-$G6)<=1)*1,""))),"") | HV6: =$B6 -> 15 | HW6: =$C6 -> Mexico | HX6: =$D6 -> 60 | HY6: =$E6 -> South Africa | IC6: =IF(($F6<>"")*($G6<>"")*(HZ6<>"")*(IA6<>""),($F6>$G6)*(HZ6>IA6)+($F6=$G6)*(HZ6=IA6)+($F6<$G6)*(HZ6<IA6),"") | ID6: =IF((IC6<>""),IF(OR($F6<>$G6,PrSettings!$M$4="●"),(($F6-$G6)=(HZ6-IA6))*1,0),"") | IE6: =IF((IC6<>""),($F6=HZ6)*($G6=IA6),"") | IF6: =IF(IC6<>"",IF(ABS($F6-$G6)>=PrSettings!$M$7,(ABS($F6-$G6-HZ6+IA6)<=1)*1,IF(AND(IC6,$F6=$G6,$F6>=PrSettings!$M$6),(ABS(HZ6-$F6)<=1)*1,IF(AND(IC6,$F6+$G6>=PrSettings!$M$8),(ABS(HZ6-$F6)+ABS(IA6-$G6)<=1)*1,""))),"") | II6: =$B6 -> 15 | IJ6: =$C6 -> Mexico | IK6: =$D6 -> 60 | IL6: =$E6 -> South Africa | IP6: =IF(($F6<>"")*($G6<>"")*(IM6<>"")*(IN6<>""),($F6>$G6)*(IM6>IN6)+($F6=$G6)*(IM6=IN6)+($F6<$G6)*(IM6<IN6),"") | IQ6: =IF((IP6<>""),IF(OR($F6<>$G6,PrSettings!$M$4="●"),(($F6-$G6)=(IM6-IN6))*1,0),"") | IR6: =IF((IP6<>""),($F6=IM6)*($G6=IN6),"") | IS6: =IF(IP6<>"",IF(ABS($F6-$G6)>=PrSettings!$M$7,(ABS($F6-$G6-IM6+IN6)<=1)*1,IF(AND(IP6,$F6=$G6,$F6>=PrSettings!$M$6),(ABS(IM6-$F6)<=1)*1,IF(AND(IP6,$F6+$G6>=PrSettings!$M$8),(ABS(IM6-$F6)+ABS(IN6-$G6)<=1)*1,""))),"") | IV6: =$B6 -> 15 | IW6: =$C6 -> Mexico | IX6: =$D6 -> 60 | IY6: =$E6 -> South Africa | JC6: =IF(($F6<>"")*($G6<>"")*(IZ6<>"")*(JA6<>""),($F6>$G6)*(IZ6>JA6)+($F6=$G6)*(IZ6=JA6)+($F6<$G6)*(IZ6<JA6),"") | JD6: =IF((JC6<>""),IF(OR($F6<>$G6,PrSettings!$M$4="●"),(($F6-$G6)=(IZ6-JA6))*1,0),"") | JE6: =IF((JC6<>""),($F6=IZ6)*($G6=JA6),"") | JF6: =IF(JC6<>"",IF(ABS($F6-$G6)>=PrSettings!$M$7,(ABS($F6-$G6-IZ6+JA6)<=1)*1,IF(AND(JC6,$F6=$G6,$F6>=PrSettings!$M$6),(ABS(IZ6-$F6)<=1)*1,IF(AND(JC6,$F6+$G6>=PrSettings!$M$8),(ABS(IZ6-$F6)+ABS(JA6-$G6)<=1)*1,""))),"") | JI6: =$B6 -> 15 | JJ6: =$C6 -> Mexico | JK6: =$D6 -> 60 | JL6: =$E6 -> South Africa | JP6: =IF(($F6<>"")*($G6<>"")*(JM6<>"")*(JN6<>""),($F6>$G6)*(JM6>JN6)+($F6=$G6)*(JM6=JN6)+($F6<$G6)*(JM6<JN6),"") | JQ6: =IF((JP6<>""),IF(OR($F6<>$G6,PrSettings!$M$4="●"),(($F6-$G6)=(JM6-JN6))*1,0),"") | JR6: =IF((JP6<>""),($F6=JM6)*($G6=JN6),"") | JS6: =IF(JP6<>"",IF(ABS($F6-$G6)>=PrSettings!$M$7,(ABS($F6-$G6-JM6+JN6)<=1)*1,IF(AND(JP6,$F6=$G6,$F6>=PrSettings!$M$6),(ABS(JM6-$F6)<=1)*1,IF(AND(JP6,$F6+$G6>=PrSettings!$M$8),(ABS(JM6-$F6)+ABS(JN6-$G6)<=1)*1,""))),"") | JV6: =$B6 -> 15 | JW6: =$C6 -> Mexico | JX6: =$D6 -> 60 | JY6: =$E6 -> South Africa | KC6: =IF(($F6<>"")*($G6<>"")*(JZ6<>"")*(KA6<>""),($F6>$G6)*(JZ6>KA6)+($F6=$G6)*(JZ6=KA6)+($F6<$G6)*(JZ6<KA6),"") | KD6: =IF((KC6<>""),IF(OR($F6<>$G6,PrSettings!$M$4="●"),(($F6-$G6)=(JZ6-KA6))*1,0),"") | KE6: =IF((KC6<>""),($F6=JZ6)*($G6=KA6),"") | KF6: =IF(KC6<>"",IF(ABS($F6-$G6)>=PrSettings!$M$7,(ABS($F6-$G6-JZ6+KA6)<=1)*1,IF(AND(KC6,$F6=$G6,$F6>=PrSettings!$M$6),(ABS(JZ6-$F6)<=1)*1,IF(AND(KC6,$F6+$G6>=PrSettings!$M$8),(ABS(JZ6-$F6)+ABS(KA6-$G6)<=1)*1,""))),"") | KI6: =$B6 -> 15 | KJ6: =$C6 -> Mexico | KK6: =$D6 -> 60 | KL6: =$E6 -> South Africa | KP6: =IF(($F6<>"")*($G6<>"")*(KM6<>"")*(KN6<>""),($F6>$G6)*(KM6>KN6)+($F6=$G6)*(KM6=KN6)+($F6<$G6)*(KM6<KN6),"") | KQ6: =IF((KP6<>""),IF(OR($F6<>$G6,PrSettings!$M$4="●"),(($F6-$G6)=(KM6-KN6))*1,0),"") | KR6: =IF((KP6<>""),($F6=KM6)*($G6=KN6),"") | KS6: =IF(KP6<>"",IF(ABS($F6-$G6)>=PrSettings!$M$7,(ABS($F6-$G6-KM6+KN6)<=1)*1,IF(AND(KP6,$F6=$G6,$F6>=PrSettings!$M$6),(ABS(KM6-$F6)<=1)*1,IF(AND(KP6,$F6+$G6>=PrSettings!$M$8),(ABS(KM6-$F6)+ABS(KN6-$G6)<=1)*1,""))),"") | KV6: =$B6 -> 15 | KW6: =$C6 -> Mexico | KX6: =$D6 -> 60 | KY6: =$E6 -> South Africa | LC6: =IF(($F6<>"")*($G6<>"")*(KZ6<>"")*(LA6<>""),($F6>$G6)*(KZ6>LA6)+($F6=$G6)*(KZ6=LA6)+($F6<$G6)*(KZ6<LA6),"") | LD6: =IF((LC6<>""),IF(OR($F6<>$G6,PrSettings!$M$4="●"),(($F6-$G6)=(KZ6-LA6))*1,0),"") | LE6: =IF((LC6<>""),($F6=KZ6)*($G6=LA6),"") | LF6: =IF(LC6<>"",IF(ABS($F6-$G6)>=PrSettings!$M$7,(ABS($F6-$G6-KZ6+LA6)<=1)*1,IF(AND(LC6,$F6=$G6,$F6>=PrSettings!$M$6),(ABS(KZ6-$F6)<=1)*1,IF(AND(LC6,$F6+$G6>=PrSettings!$M$8),(ABS(KZ6-$F6)+ABS(LA6-$G6)<=1)*1,""))),"") | LI6: =$B6 -> 15 | LJ6: =$C6 -> Mexico | LK6: =$D6 -> 60 | LL6: =$E6 -> South Africa | LP6: =IF(($F6<>"")*($G6<>"")*(LM6<>"")*(LN6<>""),($F6>$G6)*(LM6>LN6)+($F6=$G6)*(LM6=LN6)+($F6<$G6)*(LM6<LN6),"") | LQ6: =IF((LP6<>""),IF(OR($F6<>$G6,PrSettings!$M$4="●"),(($F6-$G6)=(LM6-LN6))*1,0),"") | LR6: =IF((LP6<>""),($F6=LM6)*($G6=LN6),"") | LS6: =IF(LP6<>"",IF(ABS($F6-$G6)>=PrSettings!$M$7,(ABS($F6-$G6-LM6+LN6)<=1)*1,IF(AND(LP6,$F6=$G6,$F6>=PrSettings!$M$6),(ABS(LM6-$F6)<=1)*1,IF(AND(LP6,$F6+$G6>=PrSettings!$M$8),(ABS(LM6-$F6)+ABS(LN6-$G6)<=1)*1,""))),"") | LV6: =$B6 -> 15 | LW6: =$C6 -> Mexico | LX6: =$D6 -> 60 | LY6: =$E6 -> South Africa | MC6: =IF(($F6<>"")*($G6<>"")*(LZ6<>"")*(MA6<>""),($F6>$G6)*(LZ6>MA6)+($F6=$G6)*(LZ6=MA6)+($F6<$G6)*(LZ6<MA6),"") | MD6: =IF((MC6<>""),IF(OR($F6<>$G6,PrSettings!$M$4="●"),(($F6-$G6)=(LZ6-MA6))*1,0),"") | ME6: =IF((MC6<>""),($F6=LZ6)*($G6=MA6),"") | MF6: =IF(MC6<>"",IF(ABS($F6-$G6)>=PrSettings!$M$7,(ABS($F6-$G6-LZ6+MA6)<=1)*1,IF(AND(MC6,$F6=$G6,$F6>=PrSettings!$M$6),(ABS(LZ6-$F6)<=1)*1,IF(AND(MC6,$F6+$G6>=PrSettings!$M$8),(ABS(LZ6-$F6)+ABS(MA6-$G6)<=1)*1,""))),"")
B7: =INDEX(Groups!$C$7:$C$65,MATCH(C7,Groups!$D$7:$D$65,0)) -> 25 | C7: =CalcA!$P$23 -> Rep. of Korea | D7: =INDEX(Groups!$C$7:$C$65,MATCH(E7,Groups!$D$7:$D$65,0)) -> 41 | E7: =CalcA!$Q$23 -> Czech Rep. | F7: =CalcA!$R$23 -> 1 | G7: =CalcA!$S$23 -> 1 | I7: =$B7 -> 25 | J7: =$C7 -> Rep. of Korea | K7: =$D7 -> 41 | L7: =$E7 -> Czech Rep. | P7: =IF(($F7<>"")*($G7<>"")*(M7<>"")*(N7<>""),($F7>$G7)*(M7>N7)+($F7=$G7)*(M7=N7)+($F7<$G7)*(M7<N7),"") | Q7: =IF((P7<>""),IF(OR($F7<>$G7,PrSettings!$M$4="●"),(($F7-$G7)=(M7-N7))*1,0),"") | R7: =IF((P7<>""),($F7=M7)*($G7=N7),"") | S7: =IF(P7<>"",IF(ABS($F7-$G7)>=PrSettings!$M$7,(ABS($F7-$G7-M7+N7)<=1)*1,IF(AND(P7,$F7=$G7,$F7>=PrSettings!$M$6),(ABS(M7-$F7)<=1)*1,IF(AND(P7,$F7+$G7>=PrSettings!$M$8),(ABS(M7-$F7)+ABS(N7-$G7)<=1)*1,""))),"") | V7: =$B7 -> 25 | W7: =$C7 -> Rep. of Korea | X7: =$D7 -> 41 | Y7: =$E7 -> Czech Rep. | AC7: =IF(($F7<>"")*($G7<>"")*(Z7<>"")*(AA7<>""),($F7>$G7)*(Z7>AA7)+($F7=$G7)*(Z7=AA7)+($F7<$G7)*(Z7<AA7),"") | AD7: =IF((AC7<>""),IF(OR($F7<>$G7,PrSettings!$M$4="●"),(($F7-$G7)=(Z7-AA7))*1,0),"") | AE7: =IF((AC7<>""),($F7=Z7)*($G7=AA7),"") | AF7: =IF(AC7<>"",IF(ABS($F7-$G7)>=PrSettings!$M$7,(ABS($F7-$G7-Z7+AA7)<=1)*1,IF(AND(AC7,$F7=$G7,$F7>=PrSettings!$M$6),(ABS(Z7-$F7)<=1)*1,IF(AND(AC7,$F7+$G7>=PrSettings!$M$8),(ABS(Z7-$F7)+ABS(AA7-$G7)<=1)*1,""))),"") | AI7: =$B7 -> 25 | AJ7: =$C7 -> Rep. of Korea | AK7: =$D7 -> 41 | AL7: =$E7 -> Czech Rep. | AP7: =IF(($F7<>"")*($G7<>"")*(AM7<>"")*(AN7<>""),($F7>$G7)*(AM7>AN7)+($F7=$G7)*(AM7=AN7)+($F7<$G7)*(AM7<AN7),"") | AQ7: =IF((AP7<>""),IF(OR($F7<>$G7,PrSettings!$M$4="●"),(($F7-$G7)=(AM7-AN7))*1,0),"") | AR7: =IF((AP7<>""),($F7=AM7)*($G7=AN7),"") | AS7: =IF(AP7<>"",IF(ABS($F7-$G7)>=PrSettings!$M$7,(ABS($F7-$G7-AM7+AN7)<=1)*1,IF(AND(AP7,$F7=$G7,$F7>=PrSettings!$M$6),(ABS(AM7-$F7)<=1)*1,IF(AND(AP7,$F7+$G7>=PrSettings!$M$8),(ABS(AM7-$F7)+ABS(AN7-$G7)<=1)*1,""))),"") | AV7: =$B7 -> 25 | AW7: =$C7 -> Rep. of Korea | AX7: =$D7 -> 41 | AY7: =$E7 -> Czech Rep. | BC7: =IF(($F7<>"")*($G7<>"")*(AZ7<>"")*(BA7<>""),($F7>$G7)*(AZ7>BA7)+($F7=$G7)*(AZ7=BA7)+($F7<$G7)*(AZ7<BA7),"") | BD7: =IF((BC7<>""),IF(OR($F7<>$G7,PrSettings!$M$4="●"),(($F7-$G7)=(AZ7-BA7))*1,0),"") | BE7: =IF((BC7<>""),($F7=AZ7)*($G7=BA7),"") | BF7: =IF(BC7<>"",IF(ABS($F7-$G7)>=PrSettings!$M$7,(ABS($F7-$G7-AZ7+BA7)<=1)*1,IF(AND(BC7,$F7=$G7,$F7>=PrSettings!$M$6),(ABS(AZ7-$F7)<=1)*1,IF(AND(BC7,$F7+$G7>=PrSettings!$M$8),(ABS(AZ7-$F7)+ABS(BA7-$G7)<=1)*1,""))),"") | BI7: =$B7 -> 25 | BJ7: =$C7 -> Rep. of Korea | BK7: =$D7 -> 41 | BL7: =$E7 -> Czech Rep. | BP7: =IF(($F7<>"")*($G7<>"")*(BM7<>"")*(BN7<>""),($F7>$G7)*(BM7>BN7)+($F7=$G7)*(BM7=BN7)+($F7<$G7)*(BM7<BN7),"") | BQ7: =IF((BP7<>""),IF(OR($F7<>$G7,PrSettings!$M$4="●"),(($F7-$G7)=(BM7-BN7))*1,0),"") | BR7: =IF((BP7<>""),($F7=BM7)*($G7=BN7),"") | BS7: =IF(BP7<>"",IF(ABS($F7-$G7)>=PrSettings!$M$7,(ABS($F7-$G7-BM7+BN7)<=1)*1,IF(AND(BP7,$F7=$G7,$F7>=PrSettings!$M$6),(ABS(BM7-$F7)<=1)*1,IF(AND(BP7,$F7+$G7>=PrSettings!$M$8),(ABS(BM7-$F7)+ABS(BN7-$G7)<=1)*1,""))),"") | BV7: =$B7 -> 25 | BW7: =$C7 -> Rep. of Korea | BX7: =$D7 -> 41 | BY7: =$E7 -> Czech Rep. | CC7: =IF(($F7<>"")*($G7<>"")*(BZ7<>"")*(CA7<>""),($F7>$G7)*(BZ7>CA7)+($F7=$G7)*(BZ7=CA7)+($F7<$G7)*(BZ7<CA7),"") | CD7: =IF((CC7<>""),IF(OR($F7<>$G7,PrSettings!$M$4="●"),(($F7-$G7)=(BZ7-CA7))*1,0),"") | CE7: =IF((CC7<>""),($F7=BZ7)*($G7=CA7),"") | CF7: =IF(CC7<>"",IF(ABS($F7-$G7)>=PrSettings!$M$7,(ABS($F7-$G7-BZ7+CA7)<=1)*1,IF(AND(CC7,$F7=$G7,$F7>=PrSettings!$M$6),(ABS(BZ7-$F7)<=1)*1,IF(AND(CC7,$F7+$G7>=PrSettings!$M$8),(ABS(BZ7-$F7)+ABS(CA7-$G7)<=1)*1,""))),"") | CI7: =$B7 -> 25 | CJ7: =$C7 -> Rep. of Korea | CK7: =$D7 -> 41 | CL7: =$E7 -> Czech Rep. | CP7: =IF(($F7<>"")*($G7<>"")*(CM7<>"")*(CN7<>""),($F7>$G7)*(CM7>CN7)+($F7=$G7)*(CM7=CN7)+($F7<$G7)*(CM7<CN7),"") | CQ7: =IF((CP7<>""),IF(OR($F7<>$G7,PrSettings!$M$4="●"),(($F7-$G7)=(CM7-CN7))*1,0),"") | CR7: =IF((CP7<>""),($F7=CM7)*($G7=CN7),"") | CS7: =IF(CP7<>"",IF(ABS($F7-$G7)>=PrSettings!$M$7,(ABS($F7-$G7-CM7+CN7)<=1)*1,IF(AND(CP7,$F7=$G7,$F7>=PrSettings!$M$6),(ABS(CM7-$F7)<=1)*1,IF(AND(CP7,$F7+$G7>=PrSettings!$M$8),(ABS(CM7-$F7)+ABS(CN7-$G7)<=1)*1,""))),"") | CV7: =$B7 -> 25 | CW7: =$C7 -> Rep. of Korea | CX7: =$D7 -> 41 | CY7: =$E7 -> Czech Rep. | DC7: =IF(($F7<>"")*($G7<>"")*(CZ7<>"")*(DA7<>""),($F7>$G7)*(CZ7>DA7)+($F7=$G7)*(CZ7=DA7)+($F7<$G7)*(CZ7<DA7),"") | DD7: =IF((DC7<>""),IF(OR($F7<>$G7,PrSettings!$M$4="●"),(($F7-$G7)=(CZ7-DA7))*1,0),"") | DE7: =IF((DC7<>""),($F7=CZ7)*($G7=DA7),"") | DF7: =IF(DC7<>"",IF(ABS($F7-$G7)>=PrSettings!$M$7,(ABS($F7-$G7-CZ7+DA7)<=1)*1,IF(AND(DC7,$F7=$G7,$F7>=PrSettings!$M$6),(ABS(CZ7-$F7)<=1)*1,IF(AND(DC7,$F7+$G7>=PrSettings!$M$8),(ABS(CZ7-$F7)+ABS(DA7-$G7)<=1)*1,""))),"") | DI7: =$B7 -> 25 | DJ7: =$C7 -> Rep. of Korea | DK7: =$D7 -> 41 | DL7: =$E7 -> Czech Rep. | DP7: =IF(($F7<>"")*($G7<>"")*(DM7<>"")*(DN7<>""),($F7>$G7)*(DM7>DN7)+($F7=$G7)*(DM7=DN7)+($F7<$G7)*(DM7<DN7),"") | DQ7: =IF((DP7<>""),IF(OR($F7<>$G7,PrSettings!$M$4="●"),(($F7-$G7)=(DM7-DN7))*1,0),"") | DR7: =IF((DP7<>""),($F7=DM7)*($G7=DN7),"") | DS7: =IF(DP7<>"",IF(ABS($F7-$G7)>=PrSettings!$M$7,(ABS($F7-$G7-DM7+DN7)<=1)*1,IF(AND(DP7,$F7=$G7,$F7>=PrSettings!$M$6),(ABS(DM7-$F7)<=1)*1,IF(AND(DP7,$F7+$G7>=PrSettings!$M$8),(ABS(DM7-$F7)+ABS(DN7-$G7)<=1)*1,""))),"") | DV7: =$B7 -> 25 | DW7: =$C7 -> Rep. of Korea | DX7: =$D7 -> 41 | DY7: =$E7 -> Czech Rep. | EC7: =IF(($F7<>"")*($G7<>"")*(DZ7<>"")*(EA7<>""),($F7>$G7)*(DZ7>EA7)+($F7=$G7)*(DZ7=EA7)+($F7<$G7)*(DZ7<EA7),"") | ED7: =IF((EC7<>""),IF(OR($F7<>$G7,PrSettings!$M$4="●"),(($F7-$G7)=(DZ7-EA7))*1,0),"") | EE7: =IF((EC7<>""),($F7=DZ7)*($G7=EA7),"") | EF7: =IF(EC7<>"",IF(ABS($F7-$G7)>=PrSettings!$M$7,(ABS($F7-$G7-DZ7+EA7)<=1)*1,IF(AND(EC7,$F7=$G7,$F7>=PrSettings!$M$6),(ABS(DZ7-$F7)<=1)*1,IF(AND(EC7,$F7+$G7>=PrSettings!$M$8),(ABS(DZ7-$F7)+ABS(EA7-$G7)<=1)*1,""))),"") | EI7: =$B7 -> 25 | EJ7: =$C7 -> Rep. of Korea | EK7: =$D7 -> 41 | EL7: =$E7 -> Czech Rep. | EP7: =IF(($F7<>"")*($G7<>"")*(EM7<>"")*(EN7<>""),($F7>$G7)*(EM7>EN7)+($F7=$G7)*(EM7=EN7)+($F7<$G7)*(EM7<EN7),"") | EQ7: =IF((EP7<>""),IF(OR($F7<>$G7,PrSettings!$M$4="●"),(($F7-$G7)=(EM7-EN7))*1,0),"") | ER7: =IF((EP7<>""),($F7=EM7)*($G7=EN7),"") | ES7: =IF(EP7<>"",IF(ABS($F7-$G7)>=PrSettings!$M$7,(ABS($F7-$G7-EM7+EN7)<=1)*1,IF(AND(EP7,$F7=$G7,$F7>=PrSettings!$M$6),(ABS(EM7-$F7)<=1)*1,IF(AND(EP7,$F7+$G7>=PrSettings!$M$8),(ABS(EM7-$F7)+ABS(EN7-$G7)<=1)*1,""))),"") | EV7: =$B7 -> 25 | EW7: =$C7 -> Rep. of Korea | EX7: =$D7 -> 41 | EY7: =$E7 -> Czech Rep. | FC7: =IF(($F7<>"")*($G7<>"")*(EZ7<>"")*(FA7<>""),($F7>$G7)*(EZ7>FA7)+($F7=$G7)*(EZ7=FA7)+($F7<$G7)*(EZ7<FA7),"") | FD7: =IF((FC7<>""),IF(OR($F7<>$G7,PrSettings!$M$4="●"),(($F7-$G7)=(EZ7-FA7))*1,0),"") | FE7: =IF((FC7<>""),($F7=EZ7)*($G7=FA7),"") | FF7: =IF(FC7<>"",IF(ABS($F7-$G7)>=PrSettings!$M$7,(ABS($F7-$G7-EZ7+FA7)<=1)*1,IF(AND(FC7,$F7=$G7,$F7>=PrSettings!$M$6),(ABS(EZ7-$F7)<=1)*1,IF(AND(FC7,$F7+$G7>=PrSettings!$M$8),(ABS(EZ7-$F7)+ABS(FA7-$G7)<=1)*1,""))),"") | FI7: =$B7 -> 25 | FJ7: =$C7 -> Rep. of Korea | FK7: =$D7 -> 41 | FL7: =$E7 -> Czech Rep. | FP7: =IF(($F7<>"")*($G7<>"")*(FM7<>"")*(FN7<>""),($F7>$G7)*(FM7>FN7)+($F7=$G7)*(FM7=FN7)+($F7<$G7)*(FM7<FN7),"") | FQ7: =IF((FP7<>""),IF(OR($F7<>$G7,PrSettings!$M$4="●"),(($F7-$G7)=(FM7-FN7))*1,0),"") | FR7: =IF((FP7<>""),($F7=FM7)*($G7=FN7),"") | FS7: =IF(FP7<>"",IF(ABS($F7-$G7)>=PrSettings!$M$7,(ABS($F7-$G7-FM7+FN7)<=1)*1,IF(AND(FP7,$F7=$G7,$F7>=PrSettings!$M$6),(ABS(FM7-$F7)<=1)*1,IF(AND(FP7,$F7+$G7>=PrSettings!$M$8),(ABS(FM7-$F7)+ABS(FN7-$G7)<=1)*1,""))),"") | FV7: =$B7 -> 25 | FW7: =$C7 -> Rep. of Korea | FX7: =$D7 -> 41 | FY7: =$E7 -> Czech Rep. | GC7: =IF(($F7<>"")*($G7<>"")*(FZ7<>"")*(GA7<>""),($F7>$G7)*(FZ7>GA7)+($F7=$G7)*(FZ7=GA7)+($F7<$G7)*(FZ7<GA7),"") | GD7: =IF((GC7<>""),IF(OR($F7<>$G7,PrSettings!$M$4="●"),(($F7-$G7)=(FZ7-GA7))*1,0),"") | GE7: =IF((GC7<>""),($F7=FZ7)*($G7=GA7),"") | GF7: =IF(GC7<>"",IF(ABS($F7-$G7)>=PrSettings!$M$7,(ABS($F7-$G7-FZ7+GA7)<=1)*1,IF(AND(GC7,$F7=$G7,$F7>=PrSettings!$M$6),(ABS(FZ7-$F7)<=1)*1,IF(AND(GC7,$F7+$G7>=PrSettings!$M$8),(ABS(FZ7-$F7)+ABS(GA7-$G7)<=1)*1,""))),"") | GI7: =$B7 -> 25 | GJ7: =$C7 -> Rep. of Korea | GK7: =$D7 -> 41 | GL7: =$E7 -> Czech Rep. | GP7: =IF(($F7<>"")*($G7<>"")*(GM7<>"")*(GN7<>""),($F7>$G7)*(GM7>GN7)+($F7=$G7)*(GM7=GN7)+($F7<$G7)*(GM7<GN7),"") | GQ7: =IF((GP7<>""),IF(OR($F7<>$G7,PrSettings!$M$4="●"),(($F7-$G7)=(GM7-GN7))*1,0),"") | GR7: =IF((GP7<>""),($F7=GM7)*($G7=GN7),"") | GS7: =IF(GP7<>"",IF(ABS($F7-$G7)>=PrSettings!$M$7,(ABS($F7-$G7-GM7+GN7)<=1)*1,IF(AND(GP7,$F7=$G7,$F7>=PrSettings!$M$6),(ABS(GM7-$F7)<=1)*1,IF(AND(GP7,$F7+$G7>=PrSettings!$M$8),(ABS(GM7-$F7)+ABS(GN7-$G7)<=1)*1,""))),"") | GV7: =$B7 -> 25 | GW7: =$C7 -> Rep. of Korea | GX7: =$D7 -> 41 | GY7: =$E7 -> Czech Rep. | HC7: =IF(($F7<>"")*($G7<>"")*(GZ7<>"")*(HA7<>""),($F7>$G7)*(GZ7>HA7)+($F7=$G7)*(GZ7=HA7)+($F7<$G7)*(GZ7<HA7),"") | HD7: =IF((HC7<>""),IF(OR($F7<>$G7,PrSettings!$M$4="●"),(($F7-$G7)=(GZ7-HA7))*1,0),"") | HE7: =IF((HC7<>""),($F7=GZ7)*($G7=HA7),"") | HF7: =IF(HC7<>"",IF(ABS($F7-$G7)>=PrSettings!$M$7,(ABS($F7-$G7-GZ7+HA7)<=1)*1,IF(AND(HC7,$F7=$G7,$F7>=PrSettings!$M$6),(ABS(GZ7-$F7)<=1)*1,IF(AND(HC7,$F7+$G7>=PrSettings!$M$8),(ABS(GZ7-$F7)+ABS(HA7-$G7)<=1)*1,""))),"") | HI7: =$B7 -> 25 | HJ7: =$C7 -> Rep. of Korea | HK7: =$D7 -> 41 | HL7: =$E7 -> Czech Rep. | HP7: =IF(($F7<>"")*($G7<>"")*(HM7<>"")*(HN7<>""),($F7>$G7)*(HM7>HN7)+($F7=$G7)*(HM7=HN7)+($F7<$G7)*(HM7<HN7),"") | HQ7: =IF((HP7<>""),IF(OR($F7<>$G7,PrSettings!$M$4="●"),(($F7-$G7)=(HM7-HN7))*1,0),"") | HR7: =IF((HP7<>""),($F7=HM7)*($G7=HN7),"") | HS7: =IF(HP7<>"",IF(ABS($F7-$G7)>=PrSettings!$M$7,(ABS($F7-$G7-HM7+HN7)<=1)*1,IF(AND(HP7,$F7=$G7,$F7>=PrSettings!$M$6),(ABS(HM7-$F7)<=1)*1,IF(AND(HP7,$F7+$G7>=PrSettings!$M$8),(ABS(HM7-$F7)+ABS(HN7-$G7)<=1)*1,""))),"") | HV7: =$B7 -> 25 | HW7: =$C7 -> Rep. of Korea | HX7: =$D7 -> 41 | HY7: =$E7 -> Czech Rep. | IC7: =IF(($F7<>"")*($G7<>"")*(HZ7<>"")*(IA7<>""),($F7>$G7)*(HZ7>IA7)+($F7=$G7)*(HZ7=IA7)+($F7<$G7)*(HZ7<IA7),"") | ID7: =IF((IC7<>""),IF(OR($F7<>$G7,PrSettings!$M$4="●"),(($F7-$G7)=(HZ7-IA7))*1,0),"") | IE7: =IF((IC7<>""),($F7=HZ7)*($G7=IA7),"") | IF7: =IF(IC7<>"",IF(ABS($F7-$G7)>=PrSettings!$M$7,(ABS($F7-$G7-HZ7+IA7)<=1)*1,IF(AND(IC7,$F7=$G7,$F7>=PrSettings!$M$6),(ABS(HZ7-$F7)<=1)*1,IF(AND(IC7,$F7+$G7>=PrSettings!$M$8),(ABS(HZ7-$F7)+ABS(IA7-$G7)<=1)*1,""))),"") | II7: =$B7 -> 25 | IJ7: =$C7 -> Rep. of Korea | IK7: =$D7 -> 41 | IL7: =$E7 -> Czech Rep. | IP7: =IF(($F7<>"")*($G7<>"")*(IM7<>"")*(IN7<>""),($F7>$G7)*(IM7>IN7)+($F7=$G7)*(IM7=IN7)+($F7<$G7)*(IM7<IN7),"") | IQ7: =IF((IP7<>""),IF(OR($F7<>$G7,PrSettings!$M$4="●"),(($F7-$G7)=(IM7-IN7))*1,0),"") | IR7: =IF((IP7<>""),($F7=IM7)*($G7=IN7),"") | IS7: =IF(IP7<>"",IF(ABS($F7-$G7)>=PrSettings!$M$7,(ABS($F7-$G7-IM7+IN7)<=1)*1,IF(AND(IP7,$F7=$G7,$F7>=PrSettings!$M$6),(ABS(IM7-$F7)<=1)*1,IF(AND(IP7,$F7+$G7>=PrSettings!$M$8),(ABS(IM7-$F7)+ABS(IN7-$G7)<=1)*1,""))),"") | IV7: =$B7 -> 25 | IW7: =$C7 -> Rep. of Korea | IX7: =$D7 -> 41 | IY7: =$E7 -> Czech Rep. | JC7: =IF(($F7<>"")*($G7<>"")*(IZ7<>"")*(JA7<>""),($F7>$G7)*(IZ7>JA7)+($F7=$G7)*(IZ7=JA7)+($F7<$G7)*(IZ7<JA7),"") | JD7: =IF((JC7<>""),IF(OR($F7<>$G7,PrSettings!$M$4="●"),(($F7-$G7)=(IZ7-JA7))*1,0),"") | JE7: =IF((JC7<>""),($F7=IZ7)*($G7=JA7),"") | JF7: =IF(JC7<>"",IF(ABS($F7-$G7)>=PrSettings!$M$7,(ABS($F7-$G7-IZ7+JA7)<=1)*1,IF(AND(JC7,$F7=$G7,$F7>=PrSettings!$M$6),(ABS(IZ7-$F7)<=1)*1,IF(AND(JC7,$F7+$G7>=PrSettings!$M$8),(ABS(IZ7-$F7)+ABS(JA7-$G7)<=1)*1,""))),"") | JI7: =$B7 -> 25 | JJ7: =$C7 -> Rep. of Korea | JK7: =$D7 -> 41 | JL7: =$E7 -> Czech Rep. | JP7: =IF(($F7<>"")*($G7<>"")*(JM7<>"")*(JN7<>""),($F7>$G7)*(JM7>JN7)+($F7=$G7)*(JM7=JN7)+($F7<$G7)*(JM7<JN7),"") | JQ7: =IF((JP7<>""),IF(OR($F7<>$G7,PrSettings!$M$4="●"),(($F7-$G7)=(JM7-JN7))*1,0),"") | JR7: =IF((JP7<>""),($F7=JM7)*($G7=JN7),"") | JS7: =IF(JP7<>"",IF(ABS($F7-$G7)>=PrSettings!$M$7,(ABS($F7-$G7-JM7+JN7)<=1)*1,IF(AND(JP7,$F7=$G7,$F7>=PrSettings!$M$6),(ABS(JM7-$F7)<=1)*1,IF(AND(JP7,$F7+$G7>=PrSettings!$M$8),(ABS(JM7-$F7)+ABS(JN7-$G7)<=1)*1,""))),"") | JV7: =$B7 -> 25 | JW7: =$C7 -> Rep. of Korea | JX7: =$D7 -> 41 | JY7: =$E7 -> Czech Rep. | KC7: =IF(($F7<>"")*($G7<>"")*(JZ7<>"")*(KA7<>""),($F7>$G7)*(JZ7>KA7)+($F7=$G7)*(JZ7=KA7)+($F7<$G7)*(JZ7<KA7),"") | KD7: =IF((KC7<>""),IF(OR($F7<>$G7,PrSettings!$M$4="●"),(($F7-$G7)=(JZ7-KA7))*1,0),"") | KE7: =IF((KC7<>""),($F7=JZ7)*($G7=KA7),"") | KF7: =IF(KC7<>"",IF(ABS($F7-$G7)>=PrSettings!$M$7,(ABS($F7-$G7-JZ7+KA7)<=1)*1,IF(AND(KC7,$F7=$G7,$F7>=PrSettings!$M$6),(ABS(JZ7-$F7)<=1)*1,IF(AND(KC7,$F7+$G7>=PrSettings!$M$8),(ABS(JZ7-$F7)+ABS(KA7-$G7)<=1)*1,""))),"") | KI7: =$B7 -> 25 | KJ7: =$C7 -> Rep. of Korea | KK7: =$D7 -> 41 | KL7: =$E7 -> Czech Rep. | KP7: =IF(($F7<>"")*($G7<>"")*(KM7<>"")*(KN7<>""),($F7>$G7)*(KM7>KN7)+($F7=$G7)*(KM7=KN7)+($F7<$G7)*(KM7<KN7),"") | KQ7: =IF((KP7<>""),IF(OR($F7<>$G7,PrSettings!$M$4="●"),(($F7-$G7)=(KM7-KN7))*1,0),"") | KR7: =IF((KP7<>""),($F7=KM7)*($G7=KN7),"") | KS7: =IF(KP7<>"",IF(ABS($F7-$G7)>=PrSettings!$M$7,(ABS($F7-$G7-KM7+KN7)<=1)*1,IF(AND(KP7,$F7=$G7,$F7>=PrSettings!$M$6),(ABS(KM7-$F7)<=1)*1,IF(AND(KP7,$F7+$G7>=PrSettings!$M$8),(ABS(KM7-$F7)+ABS(KN7-$G7)<=1)*1,""))),"") | KV7: =$B7 -> 25 | KW7: =$C7 -> Rep. of Korea | KX7: =$D7 -> 41 | KY7: =$E7 -> Czech Rep. | LC7: =IF(($F7<>"")*($G7<>"")*(KZ7<>"")*(LA7<>""),($F7>$G7)*(KZ7>LA7)+($F7=$G7)*(KZ7=LA7)+($F7<$G7)*(KZ7<LA7),"") | LD7: =IF((LC7<>""),IF(OR($F7<>$G7,PrSettings!$M$4="●"),(($F7-$G7)=(KZ7-LA7))*1,0),"") | LE7: =IF((LC7<>""),($F7=KZ7)*($G7=LA7),"") | LF7: =IF(LC7<>"",IF(ABS($F7-$G7)>=PrSettings!$M$7,(ABS($F7-$G7-KZ7+LA7)<=1)*1,IF(AND(LC7,$F7=$G7,$F7>=PrSettings!$M$6),(ABS(KZ7-$F7)<=1)*1,IF(AND(LC7,$F7+$G7>=PrSettings!$M$8),(ABS(KZ7-$F7)+ABS(LA7-$G7)<=1)*1,""))),"") | LI7: =$B7 -> 25 | LJ7: =$C7 -> Rep. of Korea | LK7: =$D7 -> 41 | LL7: =$E7 -> Czech Rep. | LP7: =IF(($F7<>"")*($G7<>"")*(LM7<>"")*(LN7<>""),($F7>$G7)*(LM7>LN7)+($F7=$G7)*(LM7=LN7)+($F7<$G7)*(LM7<LN7),"") | LQ7: =IF((LP7<>""),IF(OR($F7<>$G7,PrSettings!$M$4="●"),(($F7-$G7)=(LM7-LN7))*1,0),"") | LR7: =IF((LP7<>""),($F7=LM7)*($G7=LN7),"") | LS7: =IF(LP7<>"",IF(ABS($F7-$G7)>=PrSettings!$M$7,(ABS($F7-$G7-LM7+LN7)<=1)*1,IF(AND(LP7,$F7=$G7,$F7>=PrSettings!$M$6),(ABS(LM7-$F7)<=1)*1,IF(AND(LP7,$F7+$G7>=PrSettings!$M$8),(ABS(LM7-$F7)+ABS(LN7-$G7)<=1)*1,""))),"") | LV7: =$B7 -> 25 | LW7: =$C7 -> Rep. of Korea | LX7: =$D7 -> 41 | LY7: =$E7 -> Czech Rep. | MC7: =IF(($F7<>"")*($G7<>"")*(LZ7<>"")*(MA7<>""),($F7>$G7)*(LZ7>MA7)+($F7=$G7)*(LZ7=MA7)+($F7<$G7)*(LZ7<MA7),"") | MD7: =IF((MC7<>""),IF(OR($F7<>$G7,PrSettings!$M$4="●"),(($F7-$G7)=(LZ7-MA7))*1,0),"") | ME7: =IF((MC7<>""),($F7=LZ7)*($G7=MA7),"") | MF7: =IF(MC7<>"",IF(ABS($F7-$G7)>=PrSettings!$M$7,(ABS($F7-$G7-LZ7+MA7)<=1)*1,IF(AND(MC7,$F7=$G7,$F7>=PrSettings!$M$6),(ABS(LZ7-$F7)<=1)*1,IF(AND(MC7,$F7+$G7>=PrSettings!$M$8),(ABS(LZ7-$F7)+ABS(MA7-$G7)<=1)*1,""))),"")
B8: =INDEX(Groups!$C$7:$C$65,MATCH(C8,Groups!$D$7:$D$65,0)) -> 41 | C8: =CalcA!$P$24 -> Czech Rep. | D8: =INDEX(Groups!$C$7:$C$65,MATCH(E8,Groups!$D$7:$D$65,0)) -> 60 | E8: =CalcA!$Q$24 -> South Africa | F8: =CalcA!$R$24 -> 2 | G8: =CalcA!$S$24 -> 0 | I8: =$B8 -> 41 | J8: =$C8 -> Czech Rep. | K8: =$D8 -> 60 | L8: =$E8 -> South Africa | P8: =IF(($F8<>"")*($G8<>"")*(M8<>"")*(N8<>""),($F8>$G8)*(M8>N8)+($F8=$G8)*(M8=N8)+($F8<$G8)*(M8<N8),"") | Q8: =IF((P8<>""),IF(OR($F8<>$G8,PrSettings!$M$4="●"),(($F8-$G8)=(M8-N8))*1,0),"") | R8: =IF((P8<>""),($F8=M8)*($G8=N8),"") | S8: =IF(P8<>"",IF(ABS($F8-$G8)>=PrSettings!$M$7,(ABS($F8-$G8-M8+N8)<=1)*1,IF(AND(P8,$F8=$G8,$F8>=PrSettings!$M$6),(ABS(M8-$F8)<=1)*1,IF(AND(P8,$F8+$G8>=PrSettings!$M$8),(ABS(M8-$F8)+ABS(N8-$G8)<=1)*1,""))),"") | V8: =$B8 -> 41 | W8: =$C8 -> Czech Rep. | X8: =$D8 -> 60 | Y8: =$E8 -> South Africa | AC8: =IF(($F8<>"")*($G8<>"")*(Z8<>"")*(AA8<>""),($F8>$G8)*(Z8>AA8)+($F8=$G8)*(Z8=AA8)+($F8<$G8)*(Z8<AA8),"") | AD8: =IF((AC8<>""),IF(OR($F8<>$G8,PrSettings!$M$4="●"),(($F8-$G8)=(Z8-AA8))*1,0),"") | AE8: =IF((AC8<>""),($F8=Z8)*($G8=AA8),"") | AF8: =IF(AC8<>"",IF(ABS($F8-$G8)>=PrSettings!$M$7,(ABS($F8-$G8-Z8+AA8)<=1)*1,IF(AND(AC8,$F8=$G8,$F8>=PrSettings!$M$6),(ABS(Z8-$F8)<=1)*1,IF(AND(AC8,$F8+$G8>=PrSettings!$M$8),(ABS(Z8-$F8)+ABS(AA8-$G8)<=1)*1,""))),"") | AI8: =$B8 -> 41 | AJ8: =$C8 -> Czech Rep. | AK8: =$D8 -> 60 | AL8: =$E8 -> South Africa | AP8: =IF(($F8<>"")*($G8<>"")*(AM8<>"")*(AN8<>""),($F8>$G8)*(AM8>AN8)+($F8=$G8)*(AM8=AN8)+($F8<$G8)*(AM8<AN8),"") | AQ8: =IF((AP8<>""),IF(OR($F8<>$G8,PrSettings!$M$4="●"),(($F8-$G8)=(AM8-AN8))*1,0),"") | AR8: =IF((AP8<>""),($F8=AM8)*($G8=AN8),"") | AS8: =IF(AP8<>"",IF(ABS($F8-$G8)>=PrSettings!$M$7,(ABS($F8-$G8-AM8+AN8)<=1)*1,IF(AND(AP8,$F8=$G8,$F8>=PrSettings!$M$6),(ABS(AM8-$F8)<=1)*1,IF(AND(AP8,$F8+$G8>=PrSettings!$M$8),(ABS(AM8-$F8)+ABS(AN8-$G8)<=1)*1,""))),"") | AV8: =$B8 -> 41 | AW8: =$C8 -> Czech Rep. | AX8: =$D8 -> 60 | AY8: =$E8 -> South Africa | BC8: =IF(($F8<>"")*($G8<>"")*(AZ8<>"")*(BA8<>""),($F8>$G8)*(AZ8>BA8)+($F8=$G8)*(AZ8=BA8)+($F8<$G8)*(AZ8<BA8),"") | BD8: =IF((BC8<>""),IF(OR($F8<>$G8,PrSettings!$M$4="●"),(($F8-$G8)=(AZ8-BA8))*1,0),"") | BE8: =IF((BC8<>""),($F8=AZ8)*($G8=BA8),"") | BF8: =IF(BC8<>"",IF(ABS($F8-$G8)>=PrSettings!$M$7,(ABS($F8-$G8-AZ8+BA8)<=1)*1,IF(AND(BC8,$F8=$G8,$F8>=PrSettings!$M$6),(ABS(AZ8-$F8)<=1)*1,IF(AND(BC8,$F8+$G8>=PrSettings!$M$8),(ABS(AZ8-$F8)+ABS(BA8-$G8)<=1)*1,""))),"") | BI8: =$B8 -> 41 | BJ8: =$C8 -> Czech Rep. | BK8: =$D8 -> 60 | BL8: =$E8 -> South Africa | BP8: =IF(($F8<>"")*($G8<>"")*(BM8<>"")*(BN8<>""),($F8>$G8)*(BM8>BN8)+($F8=$G8)*(BM8=BN8)+($F8<$G8)*(BM8<BN8),"") | BQ8: =IF((BP8<>""),IF(OR($F8<>$G8,PrSettings!$M$4="●"),(($F8-$G8)=(BM8-BN8))*1,0),"") | BR8: =IF((BP8<>""),($F8=BM8)*($G8=BN8),"") | BS8: =IF(BP8<>"",IF(ABS($F8-$G8)>=PrSettings!$M$7,(ABS($F8-$G8-BM8+BN8)<=1)*1,IF(AND(BP8,$F8=$G8,$F8>=PrSettings!$M$6),(ABS(BM8-$F8)<=1)*1,IF(AND(BP8,$F8+$G8>=PrSettings!$M$8),(ABS(BM8-$F8)+ABS(BN8-$G8)<=1)*1,""))),"") | BV8: =$B8 -> 41 | BW8: =$C8 -> Czech Rep. | BX8: =$D8 -> 60 | BY8: =$E8 -> South Africa | CC8: =IF(($F8<>"")*($G8<>"")*(BZ8<>"")*(CA8<>""),($F8>$G8)*(BZ8>CA8)+($F8=$G8)*(BZ8=CA8)+($F8<$G8)*(BZ8<CA8),"") | CD8: =IF((CC8<>""),IF(OR($F8<>$G8,PrSettings!$M$4="●"),(($F8-$G8)=(BZ8-CA8))*1,0),"") | CE8: =IF((CC8<>""),($F8=BZ8)*($G8=CA8),"") | CF8: =IF(CC8<>"",IF(ABS($F8-$G8)>=PrSettings!$M$7,(ABS($F8-$G8-BZ8+CA8)<=1)*1,IF(AND(CC8,$F8=$G8,$F8>=PrSettings!$M$6),(ABS(BZ8-$F8)<=1)*1,IF(AND(CC8,$F8+$G8>=PrSettings!$M$8),(ABS(BZ8-$F8)+ABS(CA8-$G8)<=1)*1,""))),"") | CI8: =$B8 -> 41 | CJ8: =$C8 -> Czech Rep. | CK8: =$D8 -> 60 | CL8: =$E8 -> South Africa | CP8: =IF(($F8<>"")*($G8<>"")*(CM8<>"")*(CN8<>""),($F8>$G8)*(CM8>CN8)+($F8=$G8)*(CM8=CN8)+($F8<$G8)*(CM8<CN8),"") | CQ8: =IF((CP8<>""),IF(OR($F8<>$G8,PrSettings!$M$4="●"),(($F8-$G8)=(CM8-CN8))*1,0),"") | CR8: =IF((CP8<>""),($F8=CM8)*($G8=CN8),"") | CS8: =IF(CP8<>"",IF(ABS($F8-$G8)>=PrSettings!$M$7,(ABS($F8-$G8-CM8+CN8)<=1)*1,IF(AND(CP8,$F8=$G8,$F8>=PrSettings!$M$6),(ABS(CM8-$F8)<=1)*1,IF(AND(CP8,$F8+$G8>=PrSettings!$M$8),(ABS(CM8-$F8)+ABS(CN8-$G8)<=1)*1,""))),"") | CV8: =$B8 -> 41 | CW8: =$C8 -> Czech Rep. | CX8: =$D8 -> 60 | CY8: =$E8 -> South Africa | DC8: =IF(($F8<>"")*($G8<>"")*(CZ8<>"")*(DA8<>""),($F8>$G8)*(CZ8>DA8)+($F8=$G8)*(CZ8=DA8)+($F8<$G8)*(CZ8<DA8),"") | DD8: =IF((DC8<>""),IF(OR($F8<>$G8,PrSettings!$M$4="●"),(($F8-$G8)=(CZ8-DA8))*1,0),"") | DE8: =IF((DC8<>""),($F8=CZ8)*($G8=DA8),"") | DF8: =IF(DC8<>"",IF(ABS($F8-$G8)>=PrSettings!$M$7,(ABS($F8-$G8-CZ8+DA8)<=1)*1,IF(AND(DC8,$F8=$G8,$F8>=PrSettings!$M$6),(ABS(CZ8-$F8)<=1)*1,IF(AND(DC8,$F8+$G8>=PrSettings!$M$8),(ABS(CZ8-$F8)+ABS(DA8-$G8)<=1)*1,""))),"") | DI8: =$B8 -> 41 | DJ8: =$C8 -> Czech Rep. | DK8: =$D8 -> 60 | DL8: =$E8 -> South Africa | DP8: =IF(($F8<>"")*($G8<>"")*(DM8<>"")*(DN8<>""),($F8>$G8)*(DM8>DN8)+($F8=$G8)*(DM8=DN8)+($F8<$G8)*(DM8<DN8),"") | DQ8: =IF((DP8<>""),IF(OR($F8<>$G8,PrSettings!$M$4="●"),(($F8-$G8)=(DM8-DN8))*1,0),"") | DR8: =IF((DP8<>""),($F8=DM8)*($G8=DN8),"") | DS8: =IF(DP8<>"",IF(ABS($F8-$G8)>=PrSettings!$M$7,(ABS($F8-$G8-DM8+DN8)<=1)*1,IF(AND(DP8,$F8=$G8,$F8>=PrSettings!$M$6),(ABS(DM8-$F8)<=1)*1,IF(AND(DP8,$F8+$G8>=PrSettings!$M$8),(ABS(DM8-$F8)+ABS(DN8-$G8)<=1)*1,""))),"") | DV8: =$B8 -> 41 | DW8: =$C8 -> Czech Rep. | DX8: =$D8 -> 60 | DY8: =$E8 -> South Africa | EC8: =IF(($F8<>"")*($G8<>"")*(DZ8<>"")*(EA8<>""),($F8>$G8)*(DZ8>EA8)+($F8=$G8)*(DZ8=EA8)+($F8<$G8)*(DZ8<EA8),"") | ED8: =IF((EC8<>""),IF(OR($F8<>$G8,PrSettings!$M$4="●"),(($F8-$G8)=(DZ8-EA8))*1,0),"") | EE8: =IF((EC8<>""),($F8=DZ8)*($G8=EA8),"") | EF8: =IF(EC8<>"",IF(ABS($F8-$G8)>=PrSettings!$M$7,(ABS($F8-$G8-DZ8+EA8)<=1)*1,IF(AND(EC8,$F8=$G8,$F8>=PrSettings!$M$6),(ABS(DZ8-$F8)<=1)*1,IF(AND(EC8,$F8+$G8>=PrSettings!$M$8),(ABS(DZ8-$F8)+ABS(EA8-$G8)<=1)*1,""))),"") | EI8: =$B8 -> 41 | EJ8: =$C8 -> Czech Rep. | EK8: =$D8 -> 60 | EL8: =$E8 -> South Africa | EP8: =IF(($F8<>"")*($G8<>"")*(EM8<>"")*(EN8<>""),($F8>$G8)*(EM8>EN8)+($F8=$G8)*(EM8=EN8)+($F8<$G8)*(EM8<EN8),"") | EQ8: =IF((EP8<>""),IF(OR($F8<>$G8,PrSettings!$M$4="●"),(($F8-$G8)=(EM8-EN8))*1,0),"") | ER8: =IF((EP8<>""),($F8=EM8)*($G8=EN8),"") | ES8: =IF(EP8<>"",IF(ABS($F8-$G8)>=PrSettings!$M$7,(ABS($F8-$G8-EM8+EN8)<=1)*1,IF(AND(EP8,$F8=$G8,$F8>=PrSettings!$M$6),(ABS(EM8-$F8)<=1)*1,IF(AND(EP8,$F8+$G8>=PrSettings!$M$8),(ABS(EM8-$F8)+ABS(EN8-$G8)<=1)*1,""))),"") | EV8: =$B8 -> 41 | EW8: =$C8 -> Czech Rep. | EX8: =$D8 -> 60 | EY8: =$E8 -> South Africa | FC8: =IF(($F8<>"")*($G8<>"")*(EZ8<>"")*(FA8<>""),($F8>$G8)*(EZ8>FA8)+($F8=$G8)*(EZ8=FA8)+($F8<$G8)*(EZ8<FA8),"") | FD8: =IF((FC8<>""),IF(OR($F8<>$G8,PrSettings!$M$4="●"),(($F8-$G8)=(EZ8-FA8))*1,0),"") | FE8: =IF((FC8<>""),($F8=EZ8)*($G8=FA8),"") | FF8: =IF(FC8<>"",IF(ABS($F8-$G8)>=PrSettings!$M$7,(ABS($F8-$G8-EZ8+FA8)<=1)*1,IF(AND(FC8,$F8=$G8,$F8>=PrSettings!$M$6),(ABS(EZ8-$F8)<=1)*1,IF(AND(FC8,$F8+$G8>=PrSettings!$M$8),(ABS(EZ8-$F8)+ABS(FA8-$G8)<=1)*1,""))),"") | FI8: =$B8 -> 41 | FJ8: =$C8 -> Czech Rep. | FK8: =$D8 -> 60 | FL8: =$E8 -> South Africa | FP8: =IF(($F8<>"")*($G8<>"")*(FM8<>"")*(FN8<>""),($F8>$G8)*(FM8>FN8)+($F8=$G8)*(FM8=FN8)+($F8<$G8)*(FM8<FN8),"") | FQ8: =IF((FP8<>""),IF(OR($F8<>$G8,PrSettings!$M$4="●"),(($F8-$G8)=(FM8-FN8))*1,0),"") | FR8: =IF((FP8<>""),($F8=FM8)*($G8=FN8),"") | FS8: =IF(FP8<>"",IF(ABS($F8-$G8)>=PrSettings!$M$7,(ABS($F8-$G8-FM8+FN8)<=1)*1,IF(AND(FP8,$F8=$G8,$F8>=PrSettings!$M$6),(ABS(FM8-$F8)<=1)*1,IF(AND(FP8,$F8+$G8>=PrSettings!$M$8),(ABS(FM8-$F8)+ABS(FN8-$G8)<=1)*1,""))),"") | FV8: =$B8 -> 41 | FW8: =$C8 -> Czech Rep. | FX8: =$D8 -> 60 | FY8: =$E8 -> South Africa | GC8: =IF(($F8<>"")*($G8<>"")*(FZ8<>"")*(GA8<>""),($F8>$G8)*(FZ8>GA8)+($F8=$G8)*(FZ8=GA8)+($F8<$G8)*(FZ8<GA8),"") | GD8: =IF((GC8<>""),IF(OR($F8<>$G8,PrSettings!$M$4="●"),(($F8-$G8)=(FZ8-GA8))*1,0),"") | GE8: =IF((GC8<>""),($F8=FZ8)*($G8=GA8),"") | GF8: =IF(GC8<>"",IF(ABS($F8-$G8)>=PrSettings!$M$7,(ABS($F8-$G8-FZ8+GA8)<=1)*1,IF(AND(GC8,$F8=$G8,$F8>=PrSettings!$M$6),(ABS(FZ8-$F8)<=1)*1,IF(AND(GC8,$F8+$G8>=PrSettings!$M$8),(ABS(FZ8-$F8)+ABS(GA8-$G8)<=1)*1,""))),"") | GI8: =$B8 -> 41 | GJ8: =$C8 -> Czech Rep. | GK8: =$D8 -> 60 | GL8: =$E8 -> South Africa | GP8: =IF(($F8<>"")*($G8<>"")*(GM8<>"")*(GN8<>""),($F8>$G8)*(GM8>GN8)+($F8=$G8)*(GM8=GN8)+($F8<$G8)*(GM8<GN8),"") | GQ8: =IF((GP8<>""),IF(OR($F8<>$G8,PrSettings!$M$4="●"),(($F8-$G8)=(GM8-GN8))*1,0),"") | GR8: =IF((GP8<>""),($F8=GM8)*($G8=GN8),"") | GS8: =IF(GP8<>"",IF(ABS($F8-$G8)>=PrSettings!$M$7,(ABS($F8-$G8-GM8+GN8)<=1)*1,IF(AND(GP8,$F8=$G8,$F8>=PrSettings!$M$6),(ABS(GM8-$F8)<=1)*1,IF(AND(GP8,$F8+$G8>=PrSettings!$M$8),(ABS(GM8-$F8)+ABS(GN8-$G8)<=1)*1,""))),"") | GV8: =$B8 -> 41 | GW8: =$C8 -> Czech Rep. | GX8: =$D8 -> 60 | GY8: =$E8 -> South Africa | HC8: =IF(($F8<>"")*($G8<>"")*(GZ8<>"")*(HA8<>""),($F8>$G8)*(GZ8>HA8)+($F8=$G8)*(GZ8=HA8)+($F8<$G8)*(GZ8<HA8),"") | HD8: =IF((HC8<>""),IF(OR($F8<>$G8,PrSettings!$M$4="●"),(($F8-$G8)=(GZ8-HA8))*1,0),"") | HE8: =IF((HC8<>""),($F8=GZ8)*($G8=HA8),"") | HF8: =IF(HC8<>"",IF(ABS($F8-$G8)>=PrSettings!$M$7,(ABS($F8-$G8-GZ8+HA8)<=1)*1,IF(AND(HC8,$F8=$G8,$F8>=PrSettings!$M$6),(ABS(GZ8-$F8)<=1)*1,IF(AND(HC8,$F8+$G8>=PrSettings!$M$8),(ABS(GZ8-$F8)+ABS(HA8-$G8)<=1)*1,""))),"") | HI8: =$B8 -> 41 | HJ8: =$C8 -> Czech Rep. | HK8: =$D8 -> 60 | HL8: =$E8 -> South Africa | HP8: =IF(($F8<>"")*($G8<>"")*(HM8<>"")*(HN8<>""),($F8>$G8)*(HM8>HN8)+($F8=$G8)*(HM8=HN8)+($F8<$G8)*(HM8<HN8),"") | HQ8: =IF((HP8<>""),IF(OR($F8<>$G8,PrSettings!$M$4="●"),(($F8-$G8)=(HM8-HN8))*1,0),"") | HR8: =IF((HP8<>""),($F8=HM8)*($G8=HN8),"") | HS8: =IF(HP8<>"",IF(ABS($F8-$G8)>=PrSettings!$M$7,(ABS($F8-$G8-HM8+HN8)<=1)*1,IF(AND(HP8,$F8=$G8,$F8>=PrSettings!$M$6),(ABS(HM8-$F8)<=1)*1,IF(AND(HP8,$F8+$G8>=PrSettings!$M$8),(ABS(HM8-$F8)+ABS(HN8-$G8)<=1)*1,""))),"") | HV8: =$B8 -> 41 | HW8: =$C8 -> Czech Rep. | HX8: =$D8 -> 60 | HY8: =$E8 -> South Africa | IC8: =IF(($F8<>"")*($G8<>"")*(HZ8<>"")*(IA8<>""),($F8>$G8)*(HZ8>IA8)+($F8=$G8)*(HZ8=IA8)+($F8<$G8)*(HZ8<IA8),"") | ID8: =IF((IC8<>""),IF(OR($F8<>$G8,PrSettings!$M$4="●"),(($F8-$G8)=(HZ8-IA8))*1,0),"") | IE8: =IF((IC8<>""),($F8=HZ8)*($G8=IA8),"") | IF8: =IF(IC8<>"",IF(ABS($F8-$G8)>=PrSettings!$M$7,(ABS($F8-$G8-HZ8+IA8)<=1)*1,IF(AND(IC8,$F8=$G8,$F8>=PrSettings!$M$6),(ABS(HZ8-$F8)<=1)*1,IF(AND(IC8,$F8+$G8>=PrSettings!$M$8),(ABS(HZ8-$F8)+ABS(IA8-$G8)<=1)*1,""))),"") | II8: =$B8 -> 41 | IJ8: =$C8 -> Czech Rep. | IK8: =$D8 -> 60 | IL8: =$E8 -> South Africa | IP8: =IF(($F8<>"")*($G8<>"")*(IM8<>"")*(IN8<>""),($F8>$G8)*(IM8>IN8)+($F8=$G8)*(IM8=IN8)+($F8<$G8)*(IM8<IN8),"") | IQ8: =IF((IP8<>""),IF(OR($F8<>$G8,PrSettings!$M$4="●"),(($F8-$G8)=(IM8-IN8))*1,0),"") | IR8: =IF((IP8<>""),($F8=IM8)*($G8=IN8),"") | IS8: =IF(IP8<>"",IF(ABS($F8-$G8)>=PrSettings!$M$7,(ABS($F8-$G8-IM8+IN8)<=1)*1,IF(AND(IP8,$F8=$G8,$F8>=PrSettings!$M$6),(ABS(IM8-$F8)<=1)*1,IF(AND(IP8,$F8+$G8>=PrSettings!$M$8),(ABS(IM8-$F8)+ABS(IN8-$G8)<=1)*1,""))),"") | IV8: =$B8 -> 41 | IW8: =$C8 -> Czech Rep. | IX8: =$D8 -> 60 | IY8: =$E8 -> South Africa | JC8: =IF(($F8<>"")*($G8<>"")*(IZ8<>"")*(JA8<>""),($F8>$G8)*(IZ8>JA8)+($F8=$G8)*(IZ8=JA8)+($F8<$G8)*(IZ8<JA8),"") | JD8: =IF((JC8<>""),IF(OR($F8<>$G8,PrSettings!$M$4="●"),(($F8-$G8)=(IZ8-JA8))*1,0),"") | JE8: =IF((JC8<>""),($F8=IZ8)*($G8=JA8),"") | JF8: =IF(JC8<>"",IF(ABS($F8-$G8)>=PrSettings!$M$7,(ABS($F8-$G8-IZ8+JA8)<=1)*1,IF(AND(JC8,$F8=$G8,$F8>=PrSettings!$M$6),(ABS(IZ8-$F8)<=1)*1,IF(AND(JC8,$F8+$G8>=PrSettings!$M$8),(ABS(IZ8-$F8)+ABS(JA8-$G8)<=1)*1,""))),"") | JI8: =$B8 -> 41 | JJ8: =$C8 -> Czech Rep. | JK8: =$D8 -> 60 | JL8: =$E8 -> South Africa | JP8: =IF(($F8<>"")*($G8<>"")*(JM8<>"")*(JN8<>""),($F8>$G8)*(JM8>JN8)+($F8=$G8)*(JM8=JN8)+($F8<$G8)*(JM8<JN8),"") | JQ8: =IF((JP8<>""),IF(OR($F8<>$G8,PrSettings!$M$4="●"),(($F8-$G8)=(JM8-JN8))*1,0),"") | JR8: =IF((JP8<>""),($F8=JM8)*($G8=JN8),"") | JS8: =IF(JP8<>"",IF(ABS($F8-$G8)>=PrSettings!$M$7,(ABS($F8-$G8-JM8+JN8)<=1)*1,IF(AND(JP8,$F8=$G8,$F8>=PrSettings!$M$6),(ABS(JM8-$F8)<=1)*1,IF(AND(JP8,$F8+$G8>=PrSettings!$M$8),(ABS(JM8-$F8)+ABS(JN8-$G8)<=1)*1,""))),"") | JV8: =$B8 -> 41 | JW8: =$C8 -> Czech Rep. | JX8: =$D8 -> 60 | JY8: =$E8 -> South Africa | KC8: =IF(($F8<>"")*($G8<>"")*(JZ8<>"")*(KA8<>""),($F8>$G8)*(JZ8>KA8)+($F8=$G8)*(JZ8=KA8)+($F8<$G8)*(JZ8<KA8),"") | KD8: =IF((KC8<>""),IF(OR($F8<>$G8,PrSettings!$M$4="●"),(($F8-$G8)=(JZ8-KA8))*1,0),"") | KE8: =IF((KC8<>""),($F8=JZ8)*($G8=KA8),"") | KF8: =IF(KC8<>"",IF(ABS($F8-$G8)>=PrSettings!$M$7,(ABS($F8-$G8-JZ8+KA8)<=1)*1,IF(AND(KC8,$F8=$G8,$F8>=PrSettings!$M$6),(ABS(JZ8-$F8)<=1)*1,IF(AND(KC8,$F8+$G8>=PrSettings!$M$8),(ABS(JZ8-$F8)+ABS(KA8-$G8)<=1)*1,""))),"") | KI8: =$B8 -> 41 | KJ8: =$C8 -> Czech Rep. | KK8: =$D8 -> 60 | KL8: =$E8 -> South Africa | KP8: =IF(($F8<>"")*($G8<>"")*(KM8<>"")*(KN8<>""),($F8>$G8)*(KM8>KN8)+($F8=$G8)*(KM8=KN8)+($F8<$G8)*(KM8<KN8),"") | KQ8: =IF((KP8<>""),IF(OR($F8<>$G8,PrSettings!$M$4="●"),(($F8-$G8)=(KM8-KN8))*1,0),"") | KR8: =IF((KP8<>""),($F8=KM8)*($G8=KN8),"") | KS8: =IF(KP8<>"",IF(ABS($F8-$G8)>=PrSettings!$M$7,(ABS($F8-$G8-KM8+KN8)<=1)*1,IF(AND(KP8,$F8=$G8,$F8>=PrSettings!$M$6),(ABS(KM8-$F8)<=1)*1,IF(AND(KP8,$F8+$G8>=PrSettings!$M$8),(ABS(KM8-$F8)+ABS(KN8-$G8)<=1)*1,""))),"") | KV8: =$B8 -> 41 | KW8: =$C8 -> Czech Rep. | KX8: =$D8 -> 60 | KY8: =$E8 -> South Africa | LC8: =IF(($F8<>"")*($G8<>"")*(KZ8<>"")*(LA8<>""),($F8>$G8)*(KZ8>LA8)+($F8=$G8)*(KZ8=LA8)+($F8<$G8)*(KZ8<LA8),"") | LD8: =IF((LC8<>""),IF(OR($F8<>$G8,PrSettings!$M$4="●"),(($F8-$G8)=(KZ8-LA8))*1,0),"") | LE8: =IF((LC8<>""),($F8=KZ8)*($G8=LA8),"") | LF8: =IF(LC8<>"",IF(ABS($F8-$G8)>=PrSettings!$M$7,(ABS($F8-$G8-KZ8+LA8)<=1)*1,IF(AND(LC8,$F8=$G8,$F8>=PrSettings!$M$6),(ABS(KZ8-$F8)<=1)*1,IF(AND(LC8,$F8+$G8>=PrSettings!$M$8),(ABS(KZ8-$F8)+ABS(LA8-$G8)<=1)*1,""))),"") | LI8: =$B8 -> 41 | LJ8: =$C8 -> Czech Rep. | LK8: =$D8 -> 60 | LL8: =$E8 -> South Africa | LP8: =IF(($F8<>"")*($G8<>"")*(LM8<>"")*(LN8<>""),($F8>$G8)*(LM8>LN8)+($F8=$G8)*(LM8=LN8)+($F8<$G8)*(LM8<LN8),"") | LQ8: =IF((LP8<>""),IF(OR($F8<>$G8,PrSettings!$M$4="●"),(($F8-$G8)=(LM8-LN8))*1,0),"") | LR8: =IF((LP8<>""),($F8=LM8)*($G8=LN8),"") | LS8: =IF(LP8<>"",IF(ABS($F8-$G8)>=PrSettings!$M$7,(ABS($F8-$G8-LM8+LN8)<=1)*1,IF(AND(LP8,$F8=$G8,$F8>=PrSettings!$M$6),(ABS(LM8-$F8)<=1)*1,IF(AND(LP8,$F8+$G8>=PrSettings!$M$8),(ABS(LM8-$F8)+ABS(LN8-$G8)<=1)*1,""))),"") | LV8: =$B8 -> 41 | LW8: =$C8 -> Czech Rep. | LX8: =$D8 -> 60 | LY8: =$E8 -> South Africa | MC8: =IF(($F8<>"")*($G8<>"")*(LZ8<>"")*(MA8<>""),($F8>$G8)*(LZ8>MA8)+($F8=$G8)*(LZ8=MA8)+($F8<$G8)*(LZ8<MA8),"") | MD8: =IF((MC8<>""),IF(OR($F8<>$G8,PrSettings!$M$4="●"),(($F8-$G8)=(LZ8-MA8))*1,0),"") | ME8: =IF((MC8<>""),($F8=LZ8)*($G8=MA8),"") | MF8: =IF(MC8<>"",IF(ABS($F8-$G8)>=PrSettings!$M$7,(ABS($F8-$G8-LZ8+MA8)<=1)*1,IF(AND(MC8,$F8=$G8,$F8>=PrSettings!$M$6),(ABS(LZ8-$F8)<=1)*1,IF(AND(MC8,$F8+$G8>=PrSettings!$M$8),(ABS(LZ8-$F8)+ABS(MA8-$G8)<=1)*1,""))),"")
B9: =INDEX(Groups!$C$7:$C$65,MATCH(C9,Groups!$D$7:$D$65,0)) -> 15 | C9: =CalcA!$P$25 -> Mexico | D9: =INDEX(Groups!$C$7:$C$65,MATCH(E9,Groups!$D$7:$D$65,0)) -> 25 | E9: =CalcA!$Q$25 -> Rep. of Korea | F9: =CalcA!$R$25 -> 2 | G9: =CalcA!$S$25 -> 1 | I9: =$B9 -> 15 | J9: =$C9 -> Mexico | K9: =$D9 -> 25 | L9: =$E9 -> Rep. of Korea | P9: =IF(($F9<>"")*($G9<>"")*(M9<>"")*(N9<>""),($F9>$G9)*(M9>N9)+($F9=$G9)*(M9=N9)+($F9<$G9)*(M9<N9),"") | Q9: =IF((P9<>""),IF(OR($F9<>$G9,PrSettings!$M$4="●"),(($F9-$G9)=(M9-N9))*1,0),"") | R9: =IF((P9<>""),($F9=M9)*($G9=N9),"") | S9: =IF(P9<>"",IF(ABS($F9-$G9)>=PrSettings!$M$7,(ABS($F9-$G9-M9+N9)<=1)*1,IF(AND(P9,$F9=$G9,$F9>=PrSettings!$M$6),(ABS(M9-$F9)<=1)*1,IF(AND(P9,$F9+$G9>=PrSettings!$M$8),(ABS(M9-$F9)+ABS(N9-$G9)<=1)*1,""))),"") | V9: =$B9 -> 15 | W9: =$C9 -> Mexico | X9: =$D9 -> 25 | Y9: =$E9 -> Rep. of Korea | AC9: =IF(($F9<>"")*($G9<>"")*(Z9<>"")*(AA9<>""),($F9>$G9)*(Z9>AA9)+($F9=$G9)*(Z9=AA9)+($F9<$G9)*(Z9<AA9),"") | AD9: =IF((AC9<>""),IF(OR($F9<>$G9,PrSettings!$M$4="●"),(($F9-$G9)=(Z9-AA9))*1,0),"") | AE9: =IF((AC9<>""),($F9=Z9)*($G9=AA9),"") | AF9: =IF(AC9<>"",IF(ABS($F9-$G9)>=PrSettings!$M$7,(ABS($F9-$G9-Z9+AA9)<=1)*1,IF(AND(AC9,$F9=$G9,$F9>=PrSettings!$M$6),(ABS(Z9-$F9)<=1)*1,IF(AND(AC9,$F9+$G9>=PrSettings!$M$8),(ABS(Z9-$F9)+ABS(AA9-$G9)<=1)*1,""))),"") | AI9: =$B9 -> 15 | AJ9: =$C9 -> Mexico | AK9: =$D9 -> 25 | AL9: =$E9 -> Rep. of Korea | AP9: =IF(($F9<>"")*($G9<>"")*(AM9<>"")*(AN9<>""),($F9>$G9)*(AM9>AN9)+($F9=$G9)*(AM9=AN9)+($F9<$G9)*(AM9<AN9),"") | AQ9: =IF((AP9<>""),IF(OR($F9<>$G9,PrSettings!$M$4="●"),(($F9-$G9)=(AM9-AN9))*1,0),"") | AR9: =IF((AP9<>""),($F9=AM9)*($G9=AN9),"") | AS9: =IF(AP9<>"",IF(ABS($F9-$G9)>=PrSettings!$M$7,(ABS($F9-$G9-AM9+AN9)<=1)*1,IF(AND(AP9,$F9=$G9,$F9>=PrSettings!$M$6),(ABS(AM9-$F9)<=1)*1,IF(AND(AP9,$F9+$G9>=PrSettings!$M$8),(ABS(AM9-$F9)+ABS(AN9-$G9)<=1)*1,""))),"") | AV9: =$B9 -> 15 | AW9: =$C9 -> Mexico | AX9: =$D9 -> 25 | AY9: =$E9 -> Rep. of Korea | BC9: =IF(($F9<>"")*($G9<>"")*(AZ9<>"")*(BA9<>""),($F9>$G9)*(AZ9>BA9)+($F9=$G9)*(AZ9=BA9)+($F9<$G9)*(AZ9<BA9),"") | BD9: =IF((BC9<>""),IF(OR($F9<>$G9,PrSettings!$M$4="●"),(($F9-$G9)=(AZ9-BA9))*1,0),"") | BE9: =IF((BC9<>""),($F9=AZ9)*($G9=BA9),"") | BF9: =IF(BC9<>"",IF(ABS($F9-$G9)>=PrSettings!$M$7,(ABS($F9-$G9-AZ9+BA9)<=1)*1,IF(AND(BC9,$F9=$G9,$F9>=PrSettings!$M$6),(ABS(AZ9-$F9)<=1)*1,IF(AND(BC9,$F9+$G9>=PrSettings!$M$8),(ABS(AZ9-$F9)+ABS(BA9-$G9)<=1)*1,""))),"") | BI9: =$B9 -> 15 | BJ9: =$C9 -> Mexico | BK9: =$D9 -> 25 | BL9: =$E9 -> Rep. of Korea | BP9: =IF(($F9<>"")*($G9<>"")*(BM9<>"")*(BN9<>""),($F9>$G9)*(BM9>BN9)+($F9=$G9)*(BM9=BN9)+($F9<$G9)*(BM9<BN9),"") | BQ9: =IF((BP9<>""),IF(OR($F9<>$G9,PrSettings!$M$4="●"),(($F9-$G9)=(BM9-BN9))*1,0),"") | BR9: =IF((BP9<>""),($F9=BM9)*($G9=BN9),"") | BS9: =IF(BP9<>"",IF(ABS($F9-$G9)>=PrSettings!$M$7,(ABS($F9-$G9-BM9+BN9)<=1)*1,IF(AND(BP9,$F9=$G9,$F9>=PrSettings!$M$6),(ABS(BM9-$F9)<=1)*1,IF(AND(BP9,$F9+$G9>=PrSettings!$M$8),(ABS(BM9-$F9)+ABS(BN9-$G9)<=1)*1,""))),"") | BV9: =$B9 -> 15 | BW9: =$C9 -> Mexico | BX9: =$D9 -> 25 | BY9: =$E9 -> Rep. of Korea | CC9: =IF(($F9<>"")*($G9<>"")*(BZ9<>"")*(CA9<>""),($F9>$G9)*(BZ9>CA9)+($F9=$G9)*(BZ9=CA9)+($F9<$G9)*(BZ9<CA9),"") | CD9: =IF((CC9<>""),IF(OR($F9<>$G9,PrSettings!$M$4="●"),(($F9-$G9)=(BZ9-CA9))*1,0),"") | CE9: =IF((CC9<>""),($F9=BZ9)*($G9=CA9),"") | CF9: =IF(CC9<>"",IF(ABS($F9-$G9)>=PrSettings!$M$7,(ABS($F9-$G9-BZ9+CA9)<=1)*1,IF(AND(CC9,$F9=$G9,$F9>=PrSettings!$M$6),(ABS(BZ9-$F9)<=1)*1,IF(AND(CC9,$F9+$G9>=PrSettings!$M$8),(ABS(BZ9-$F9)+ABS(CA9-$G9)<=1)*1,""))),"") | CI9: =$B9 -> 15 | CJ9: =$C9 -> Mexico | CK9: =$D9 -> 25 | CL9: =$E9 -> Rep. of Korea | CP9: =IF(($F9<>"")*($G9<>"")*(CM9<>"")*(CN9<>""),($F9>$G9)*(CM9>CN9)+($F9=$G9)*(CM9=CN9)+($F9<$G9)*(CM9<CN9),"") | CQ9: =IF((CP9<>""),IF(OR($F9<>$G9,PrSettings!$M$4="●"),(($F9-$G9)=(CM9-CN9))*1,0),"") | CR9: =IF((CP9<>""),($F9=CM9)*($G9=CN9),"") | CS9: =IF(CP9<>"",IF(ABS($F9-$G9)>=PrSettings!$M$7,(ABS($F9-$G9-CM9+CN9)<=1)*1,IF(AND(CP9,$F9=$G9,$F9>=PrSettings!$M$6),(ABS(CM9-$F9)<=1)*1,IF(AND(CP9,$F9+$G9>=PrSettings!$M$8),(ABS(CM9-$F9)+ABS(CN9-$G9)<=1)*1,""))),"") | CV9: =$B9 -> 15 | CW9: =$C9 -> Mexico | CX9: =$D9 -> 25 | CY9: =$E9 -> Rep. of Korea | DC9: =IF(($F9<>"")*($G9<>"")*(CZ9<>"")*(DA9<>""),($F9>$G9)*(CZ9>DA9)+($F9=$G9)*(CZ9=DA9)+($F9<$G9)*(CZ9<DA9),"") | DD9: =IF((DC9<>""),IF(OR($F9<>$G9,PrSettings!$M$4="●"),(($F9-$G9)=(CZ9-DA9))*1,0),"") | DE9: =IF((DC9<>""),($F9=CZ9)*($G9=DA9),"") | DF9: =IF(DC9<>"",IF(ABS($F9-$G9)>=PrSettings!$M$7,(ABS($F9-$G9-CZ9+DA9)<=1)*1,IF(AND(DC9,$F9=$G9,$F9>=PrSettings!$M$6),(ABS(CZ9-$F9)<=1)*1,IF(AND(DC9,$F9+$G9>=PrSettings!$M$8),(ABS(CZ9-$F9)+ABS(DA9-$G9)<=1)*1,""))),"") | DI9: =$B9 -> 15 | DJ9: =$C9 -> Mexico | DK9: =$D9 -> 25 | DL9: =$E9 -> Rep. of Korea | DP9: =IF(($F9<>"")*($G9<>"")*(DM9<>"")*(DN9<>""),($F9>$G9)*(DM9>DN9)+($F9=$G9)*(DM9=DN9)+($F9<$G9)*(DM9<DN9),"") | DQ9: =IF((DP9<>""),IF(OR($F9<>$G9,PrSettings!$M$4="●"),(($F9-$G9)=(DM9-DN9))*1,0),"") | DR9: =IF((DP9<>""),($F9=DM9)*($G9=DN9),"") | DS9: =IF(DP9<>"",IF(ABS($F9-$G9)>=PrSettings!$M$7,(ABS($F9-$G9-DM9+DN9)<=1)*1,IF(AND(DP9,$F9=$G9,$F9>=PrSettings!$M$6),(ABS(DM9-$F9)<=1)*1,IF(AND(DP9,$F9+$G9>=PrSettings!$M$8),(ABS(DM9-$F9)+ABS(DN9-$G9)<=1)*1,""))),"") | DV9: =$B9 -> 15 | DW9: =$C9 -> Mexico | DX9: =$D9 -> 25 | DY9: =$E9 -> Rep. of Korea | EC9: =IF(($F9<>"")*($G9<>"")*(DZ9<>"")*(EA9<>""),($F9>$G9)*(DZ9>EA9)+($F9=$G9)*(DZ9=EA9)+($F9<$G9)*(DZ9<EA9),"") | ED9: =IF((EC9<>""),IF(OR($F9<>$G9,PrSettings!$M$4="●"),(($F9-$G9)=(DZ9-EA9))*1,0),"") | EE9: =IF((EC9<>""),($F9=DZ9)*($G9=EA9),"") | EF9: =IF(EC9<>"",IF(ABS($F9-$G9)>=PrSettings!$M$7,(ABS($F9-$G9-DZ9+EA9)<=1)*1,IF(AND(EC9,$F9=$G9,$F9>=PrSettings!$M$6),(ABS(DZ9-$F9)<=1)*1,IF(AND(EC9,$F9+$G9>=PrSettings!$M$8),(ABS(DZ9-$F9)+ABS(EA9-$G9)<=1)*1,""))),"") | EI9: =$B9 -> 15 | EJ9: =$C9 -> Mexico | EK9: =$D9 -> 25 | EL9: =$E9 -> Rep. of Korea | EP9: =IF(($F9<>"")*($G9<>"")*(EM9<>"")*(EN9<>""),($F9>$G9)*(EM9>EN9)+($F9=$G9)*(EM9=EN9)+($F9<$G9)*(EM9<EN9),"") | EQ9: =IF((EP9<>""),IF(OR($F9<>$G9,PrSettings!$M$4="●"),(($F9-$G9)=(EM9-EN9))*1,0),"") | ER9: =IF((EP9<>""),($F9=EM9)*($G9=EN9),"") | ES9: =IF(EP9<>"",IF(ABS($F9-$G9)>=PrSettings!$M$7,(ABS($F9-$G9-EM9+EN9)<=1)*1,IF(AND(EP9,$F9=$G9,$F9>=PrSettings!$M$6),(ABS(EM9-$F9)<=1)*1,IF(AND(EP9,$F9+$G9>=PrSettings!$M$8),(ABS(EM9-$F9)+ABS(EN9-$G9)<=1)*1,""))),"") | EV9: =$B9 -> 15 | EW9: =$C9 -> Mexico | EX9: =$D9 -> 25 | EY9: =$E9 -> Rep. of Korea | FC9: =IF(($F9<>"")*($G9<>"")*(EZ9<>"")*(FA9<>""),($F9>$G9)*(EZ9>FA9)+($F9=$G9)*(EZ9=FA9)+($F9<$G9)*(EZ9<FA9),"") | FD9: =IF((FC9<>""),IF(OR($F9<>$G9,PrSettings!$M$4="●"),(($F9-$G9)=(EZ9-FA9))*1,0),"") | FE9: =IF((FC9<>""),($F9=EZ9)*($G9=FA9),"") | FF9: =IF(FC9<>"",IF(ABS($F9-$G9)>=PrSettings!$M$7,(ABS($F9-$G9-EZ9+FA9)<=1)*1,IF(AND(FC9,$F9=$G9,$F9>=PrSettings!$M$6),(ABS(EZ9-$F9)<=1)*1,IF(AND(FC9,$F9+$G9>=PrSettings!$M$8),(ABS(EZ9-$F9)+ABS(FA9-$G9)<=1)*1,""))),"") | FI9: =$B9 -> 15 | FJ9: =$C9 -> Mexico | FK9: =$D9 -> 25 | FL9: =$E9 -> Rep. of Korea | FP9: =IF(($F9<>"")*($G9<>"")*(FM9<>"")*(FN9<>""),($F9>$G9)*(FM9>FN9)+($F9=$G9)*(FM9=FN9)+($F9<$G9)*(FM9<FN9),"") | FQ9: =IF((FP9<>""),IF(OR($F9<>$G9,PrSettings!$M$4="●"),(($F9-$G9)=(FM9-FN9))*1,0),"") | FR9: =IF((FP9<>""),($F9=FM9)*($G9=FN9),"") | FS9: =IF(FP9<>"",IF(ABS($F9-$G9)>=PrSettings!$M$7,(ABS($F9-$G9-FM9+FN9)<=1)*1,IF(AND(FP9,$F9=$G9,$F9>=PrSettings!$M$6),(ABS(FM9-$F9)<=1)*1,IF(AND(FP9,$F9+$G9>=PrSettings!$M$8),(ABS(FM9-$F9)+ABS(FN9-$G9)<=1)*1,""))),"") | FV9: =$B9 -> 15 | FW9: =$C9 -> Mexico | FX9: =$D9 -> 25 | FY9: =$E9 -> Rep. of Korea | GC9: =IF(($F9<>"")*($G9<>"")*(FZ9<>"")*(GA9<>""),($F9>$G9)*(FZ9>GA9)+($F9=$G9)*(FZ9=GA9)+($F9<$G9)*(FZ9<GA9),"") | GD9: =IF((GC9<>""),IF(OR($F9<>$G9,PrSettings!$M$4="●"),(($F9-$G9)=(FZ9-GA9))*1,0),"") | GE9: =IF((GC9<>""),($F9=FZ9)*($G9=GA9),"") | GF9: =IF(GC9<>"",IF(ABS($F9-$G9)>=PrSettings!$M$7,(ABS($F9-$G9-FZ9+GA9)<=1)*1,IF(AND(GC9,$F9=$G9,$F9>=PrSettings!$M$6),(ABS(FZ9-$F9)<=1)*1,IF(AND(GC9,$F9+$G9>=PrSettings!$M$8),(ABS(FZ9-$F9)+ABS(GA9-$G9)<=1)*1,""))),"") | GI9: =$B9 -> 15 | GJ9: =$C9 -> Mexico | GK9: =$D9 -> 25 | GL9: =$E9 -> Rep. of Korea | GP9: =IF(($F9<>"")*($G9<>"")*(GM9<>"")*(GN9<>""),($F9>$G9)*(GM9>GN9)+($F9=$G9)*(GM9=GN9)+($F9<$G9)*(GM9<GN9),"") | GQ9: =IF((GP9<>""),IF(OR($F9<>$G9,PrSettings!$M$4="●"),(($F9-$G9)=(GM9-GN9))*1,0),"") | GR9: =IF((GP9<>""),($F9=GM9)*($G9=GN9),"") | GS9: =IF(GP9<>"",IF(ABS($F9-$G9)>=PrSettings!$M$7,(ABS($F9-$G9-GM9+GN9)<=1)*1,IF(AND(GP9,$F9=$G9,$F9>=PrSettings!$M$6),(ABS(GM9-$F9)<=1)*1,IF(AND(GP9,$F9+$G9>=PrSettings!$M$8),(ABS(GM9-$F9)+ABS(GN9-$G9)<=1)*1,""))),"") | GV9: =$B9 -> 15 | GW9: =$C9 -> Mexico | GX9: =$D9 -> 25 | GY9: =$E9 -> Rep. of Korea | HC9: =IF(($F9<>"")*($G9<>"")*(GZ9<>"")*(HA9<>""),($F9>$G9)*(GZ9>HA9)+($F9=$G9)*(GZ9=HA9)+($F9<$G9)*(GZ9<HA9),"") | HD9: =IF((HC9<>""),IF(OR($F9<>$G9,PrSettings!$M$4="●"),(($F9-$G9)=(GZ9-HA9))*1,0),"") | HE9: =IF((HC9<>""),($F9=GZ9)*($G9=HA9),"") | HF9: =IF(HC9<>"",IF(ABS($F9-$G9)>=PrSettings!$M$7,(ABS($F9-$G9-GZ9+HA9)<=1)*1,IF(AND(HC9,$F9=$G9,$F9>=PrSettings!$M$6),(ABS(GZ9-$F9)<=1)*1,IF(AND(HC9,$F9+$G9>=PrSettings!$M$8),(ABS(GZ9-$F9)+ABS(HA9-$G9)<=1)*1,""))),"") | HI9: =$B9 -> 15 | HJ9: =$C9 -> Mexico | HK9: =$D9 -> 25 | HL9: =$E9 -> Rep. of Korea | HP9: =IF(($F9<>"")*($G9<>"")*(HM9<>"")*(HN9<>""),($F9>$G9)*(HM9>HN9)+($F9=$G9)*(HM9=HN9)+($F9<$G9)*(HM9<HN9),"") | HQ9: =IF((HP9<>""),IF(OR($F9<>$G9,PrSettings!$M$4="●"),(($F9-$G9)=(HM9-HN9))*1,0),"") | HR9: =IF((HP9<>""),($F9=HM9)*($G9=HN9),"") | HS9: =IF(HP9<>"",IF(ABS($F9-$G9)>=PrSettings!$M$7,(ABS($F9-$G9-HM9+HN9)<=1)*1,IF(AND(HP9,$F9=$G9,$F9>=PrSettings!$M$6),(ABS(HM9-$F9)<=1)*1,IF(AND(HP9,$F9+$G9>=PrSettings!$M$8),(ABS(HM9-$F9)+ABS(HN9-$G9)<=1)*1,""))),"") | HV9: =$B9 -> 15 | HW9: =$C9 -> Mexico | HX9: =$D9 -> 25 | HY9: =$E9 -> Rep. of Korea | IC9: =IF(($F9<>"")*($G9<>"")*(HZ9<>"")*(IA9<>""),($F9>$G9)*(HZ9>IA9)+($F9=$G9)*(HZ9=IA9)+($F9<$G9)*(HZ9<IA9),"") | ID9: =IF((IC9<>""),IF(OR($F9<>$G9,PrSettings!$M$4="●"),(($F9-$G9)=(HZ9-IA9))*1,0),"") | IE9: =IF((IC9<>""),($F9=HZ9)*($G9=IA9),"") | IF9: =IF(IC9<>"",IF(ABS($F9-$G9)>=PrSettings!$M$7,(ABS($F9-$G9-HZ9+IA9)<=1)*1,IF(AND(IC9,$F9=$G9,$F9>=PrSettings!$M$6),(ABS(HZ9-$F9)<=1)*1,IF(AND(IC9,$F9+$G9>=PrSettings!$M$8),(ABS(HZ9-$F9)+ABS(IA9-$G9)<=1)*1,""))),"") | II9: =$B9 -> 15 | IJ9: =$C9 -> Mexico | IK9: =$D9 -> 25 | IL9: =$E9 -> Rep. of Korea | IP9: =IF(($F9<>"")*($G9<>"")*(IM9<>"")*(IN9<>""),($F9>$G9)*(IM9>IN9)+($F9=$G9)*(IM9=IN9)+($F9<$G9)*(IM9<IN9),"") | IQ9: =IF((IP9<>""),IF(OR($F9<>$G9,PrSettings!$M$4="●"),(($F9-$G9)=(IM9-IN9))*1,0),"") | IR9: =IF((IP9<>""),($F9=IM9)*($G9=IN9),"") | IS9: =IF(IP9<>"",IF(ABS($F9-$G9)>=PrSettings!$M$7,(ABS($F9-$G9-IM9+IN9)<=1)*1,IF(AND(IP9,$F9=$G9,$F9>=PrSettings!$M$6),(ABS(IM9-$F9)<=1)*1,IF(AND(IP9,$F9+$G9>=PrSettings!$M$8),(ABS(IM9-$F9)+ABS(IN9-$G9)<=1)*1,""))),"") | IV9: =$B9 -> 15 | IW9: =$C9 -> Mexico | IX9: =$D9 -> 25 | IY9: =$E9 -> Rep. of Korea | JC9: =IF(($F9<>"")*($G9<>"")*(IZ9<>"")*(JA9<>""),($F9>$G9)*(IZ9>JA9)+($F9=$G9)*(IZ9=JA9)+($F9<$G9)*(IZ9<JA9),"") | JD9: =IF((JC9<>""),IF(OR($F9<>$G9,PrSettings!$M$4="●"),(($F9-$G9)=(IZ9-JA9))*1,0),"") | JE9: =IF((JC9<>""),($F9=IZ9)*($G9=JA9),"") | JF9: =IF(JC9<>"",IF(ABS($F9-$G9)>=PrSettings!$M$7,(ABS($F9-$G9-IZ9+JA9)<=1)*1,IF(AND(JC9,$F9=$G9,$F9>=PrSettings!$M$6),(ABS(IZ9-$F9)<=1)*1,IF(AND(JC9,$F9+$G9>=PrSettings!$M$8),(ABS(IZ9-$F9)+ABS(JA9-$G9)<=1)*1,""))),"") | JI9: =$B9 -> 15 | JJ9: =$C9 -> Mexico | JK9: =$D9 -> 25 | JL9: =$E9 -> Rep. of Korea | JP9: =IF(($F9<>"")*($G9<>"")*(JM9<>"")*(JN9<>""),($F9>$G9)*(JM9>JN9)+($F9=$G9)*(JM9=JN9)+($F9<$G9)*(JM9<JN9),"") | JQ9: =IF((JP9<>""),IF(OR($F9<>$G9,PrSettings!$M$4="●"),(($F9-$G9)=(JM9-JN9))*1,0),"") | JR9: =IF((JP9<>""),($F9=JM9)*($G9=JN9),"") | JS9: =IF(JP9<>"",IF(ABS($F9-$G9)>=PrSettings!$M$7,(ABS($F9-$G9-JM9+JN9)<=1)*1,IF(AND(JP9,$F9=$G9,$F9>=PrSettings!$M$6),(ABS(JM9-$F9)<=1)*1,IF(AND(JP9,$F9+$G9>=PrSettings!$M$8),(ABS(JM9-$F9)+ABS(JN9-$G9)<=1)*1,""))),"") | JV9: =$B9 -> 15 | JW9: =$C9 -> Mexico | JX9: =$D9 -> 25 | JY9: =$E9 -> Rep. of Korea | KC9: =IF(($F9<>"")*($G9<>"")*(JZ9<>"")*(KA9<>""),($F9>$G9)*(JZ9>KA9)+($F9=$G9)*(JZ9=KA9)+($F9<$G9)*(JZ9<KA9),"") | KD9: =IF((KC9<>""),IF(OR($F9<>$G9,PrSettings!$M$4="●"),(($F9-$G9)=(JZ9-KA9))*1,0),"") | KE9: =IF((KC9<>""),($F9=JZ9)*($G9=KA9),"") | KF9: =IF(KC9<>"",IF(ABS($F9-$G9)>=PrSettings!$M$7,(ABS($F9-$G9-JZ9+KA9)<=1)*1,IF(AND(KC9,$F9=$G9,$F9>=PrSettings!$M$6),(ABS(JZ9-$F9)<=1)*1,IF(AND(KC9,$F9+$G9>=PrSettings!$M$8),(ABS(JZ9-$F9)+ABS(KA9-$G9)<=1)*1,""))),"") | KI9: =$B9 -> 15 | KJ9: =$C9 -> Mexico | KK9: =$D9 -> 25 | KL9: =$E9 -> Rep. of Korea | KP9: =IF(($F9<>"")*($G9<>"")*(KM9<>"")*(KN9<>""),($F9>$G9)*(KM9>KN9)+($F9=$G9)*(KM9=KN9)+($F9<$G9)*(KM9<KN9),"") | KQ9: =IF((KP9<>""),IF(OR($F9<>$G9,PrSettings!$M$4="●"),(($F9-$G9)=(KM9-KN9))*1,0),"") | KR9: =IF((KP9<>""),($F9=KM9)*($G9=KN9),"") | KS9: =IF(KP9<>"",IF(ABS($F9-$G9)>=PrSettings!$M$7,(ABS($F9-$G9-KM9+KN9)<=1)*1,IF(AND(KP9,$F9=$G9,$F9>=PrSettings!$M$6),(ABS(KM9-$F9)<=1)*1,IF(AND(KP9,$F9+$G9>=PrSettings!$M$8),(ABS(KM9-$F9)+ABS(KN9-$G9)<=1)*1,""))),"") | KV9: =$B9 -> 15 | KW9: =$C9 -> Mexico | KX9: =$D9 -> 25 | KY9: =$E9 -> Rep. of Korea | LC9: =IF(($F9<>"")*($G9<>"")*(KZ9<>"")*(LA9<>""),($F9>$G9)*(KZ9>LA9)+($F9=$G9)*(KZ9=LA9)+($F9<$G9)*(KZ9<LA9),"") | LD9: =IF((LC9<>""),IF(OR($F9<>$G9,PrSettings!$M$4="●"),(($F9-$G9)=(KZ9-LA9))*1,0),"") | LE9: =IF((LC9<>""),($F9=KZ9)*($G9=LA9),"") | LF9: =IF(LC9<>"",IF(ABS($F9-$G9)>=PrSettings!$M$7,(ABS($F9-$G9-KZ9+LA9)<=1)*1,IF(AND(LC9,$F9=$G9,$F9>=PrSettings!$M$6),(ABS(KZ9-$F9)<=1)*1,IF(AND(LC9,$F9+$G9>=PrSettings!$M$8),(ABS(KZ9-$F9)+ABS(LA9-$G9)<=1)*1,""))),"") | LI9: =$B9 -> 15 | LJ9: =$C9 -> Mexico | LK9: =$D9 -> 25 | LL9: =$E9 -> Rep. of Korea | LP9: =IF(($F9<>"")*($G9<>"")*(LM9<>"")*(LN9<>""),($F9>$G9)*(LM9>LN9)+($F9=$G9)*(LM9=LN9)+($F9<$G9)*(LM9<LN9),"") | LQ9: =IF((LP9<>""),IF(OR($F9<>$G9,PrSettings!$M$4="●"),(($F9-$G9)=(LM9-LN9))*1,0),"") | LR9: =IF((LP9<>""),($F9=LM9)*($G9=LN9),"") | LS9: =IF(LP9<>"",IF(ABS($F9-$G9)>=PrSettings!$M$7,(ABS($F9-$G9-LM9+LN9)<=1)*1,IF(AND(LP9,$F9=$G9,$F9>=PrSettings!$M$6),(ABS(LM9-$F9)<=1)*1,IF(AND(LP9,$F9+$G9>=PrSettings!$M$8),(ABS(LM9-$F9)+ABS(LN9-$G9)<=1)*1,""))),"") | LV9: =$B9 -> 15 | LW9: =$C9 -> Mexico | LX9: =$D9 -> 25 | LY9: =$E9 -> Rep. of Korea | MC9: =IF(($F9<>"")*($G9<>"")*(LZ9<>"")*(MA9<>""),($F9>$G9)*(LZ9>MA9)+($F9=$G9)*(LZ9=MA9)+($F9<$G9)*(LZ9<MA9),"") | MD9: =IF((MC9<>""),IF(OR($F9<>$G9,PrSettings!$M$4="●"),(($F9-$G9)=(LZ9-MA9))*1,0),"") | ME9: =IF((MC9<>""),($F9=LZ9)*($G9=MA9),"") | MF9: =IF(MC9<>"",IF(ABS($F9-$G9)>=PrSettings!$M$7,(ABS($F9-$G9-LZ9+MA9)<=1)*1,IF(AND(MC9,$F9=$G9,$F9>=PrSettings!$M$6),(ABS(LZ9-$F9)<=1)*1,IF(AND(MC9,$F9+$G9>=PrSettings!$M$8),(ABS(LZ9-$F9)+ABS(MA9-$G9)<=1)*1,""))),"")
